brand_name,model_name,os,popularity,best_price,lowest_price,highest_price,screen_size,memory_size,battery_size,release_date
ALCATEL,1 1/8GB Bluish Black (5033D-2JALUAA),Android,422,1690,1529,1819,5,8,2000,Oct-20
ALCATEL,1 5033D 1/16GB Volcano Black (5033D-2LALUAF),Android,323,1803,1659,2489,5,16,2000,Sep-20
ALCATEL,1 5033D 1/16GB Volcano Black (5033D-2LALUAF),Android,299,1803,1659,2489,5,16,2000,Sep-20
ALCATEL,1 5033D 1/16GB Volcano Black (5033D-2LALUAF),Android,287,1803,1659,2489,5,16,2000,Sep-20
Nokia,1.3 1/16GB Charcoal,Android,1047,1999,,,5.71,16,3000,Apr-20
Honor,10 6/64GB Black,Android,71,10865,10631,11099,5.8,64,3400,Jun-18
Honor,10 Lite 3/32GB Blue,Android,424,3999,,,6.21,32,3400,Dec-18
Honor,10 Lite 4/64GB Black,Android,134,4973,4733,5295,6.21,64,3400,Jan-19
Honor,10 lite 3/128GB Blue,Android,477,5100,4990,5222,6.21,128,3400,Jan-21
Honor,10 lite 3/64GB Black,Android,215,4948,4646,5372,6.21,64,3400,Dec-18
Honor,10 lite 3/64GB Black,Android,179,4948,4646,5372,6.21,64,3400,Dec-18
Honor,10 lite 3/64GB Blue,Android,437,5165,4897,5559,6.21,64,3400,Dec-18
Nokia,105 DS 2019 Pink (16KIGP01A01),,18,583,528,649,1.77,0.004,800,Oct-19
Nokia,105 Dual Sim 2019 Black (16KIGB01A01),,262,601,539,703,1.77,,800,Nov-19
Nokia,105 Dual Sim 2019 Black (16KIGB01A01),,274,601,539,703,1.77,,800,Nov-19
Nokia,105 Dual Sim New Black (A00028315),,507,552,499,606,1.8,0.004,800,Sep-17
Nokia,105 Single Sim 2019 Black (16KIGB01A13),,805,536,449,642,1.77,,800,Nov-19
Nokia,105 Single Sim 2019 Pink (16KIGP01A13),,692,547,496,709,1.77,,800,Nov-19
Nokia,105 Single Sim New Black (A00028356),,460,663,499,1169,1.8,0.004,800,Sep-17
Nokia,105 Single Sim New Black (A00028356),,455,663,499,1169,1.8,0.004,800,Sep-17
Nokia,105 Single Sim New Blue (A00028372),,378,474,450,499,1.8,0.004,800,Sep-17
Nokia,105 Single Sim New White (A00028371),,59,499,,,1.8,0.004,800,Sep-17
Nokia,106 New DS Grey (16NEBD01A02),,838,596,544,699,1.8,,800,Jan-19
Nokia,106 New DS Grey (16NEBD01A02),,841,596,544,699,1.8,,800,Jan-19
Honor,10i 4/128GB Black (51093VQV),Android,532,5499,,,6.21,128,3400,May-19
Honor,10i 4/128GB Blue (51093VQX),Android,444,5499,,,6.21,128,3400,May-19
Nokia,110 Dual Sim 2019 Black (16NKLB01A07),,471,710,640,1164,1.77,,800,Nov-19
Nokia,110 Dual Sim 2019 Blue (16NKLL01A04),,248,702,640,909,1.77,,800,Nov-19
Nokia,125 Dual Sim Black (16GMNB01A17),,807,992,899,1249,2.4,,1020,Jul-20
Meizu,15 4/128GB Black,Android,490,6584,,,5.45,128,3000,May-18
Meizu,15 4/64GB Black,Android,166,5272,4970,5448,5.45,64,3000,May-18
Meizu,15 4/64GB Black,Android,125,5272,4970,5448,5.45,64,3000,May-18
Meizu,15 4/64GB Black,Android,116,5272,4970,5448,5.45,64,3000,May-18
Meizu,15 Plus 6/64GB Black,Android,666,5328,,,5.95,64,3500,Jun-18
Meizu,15 Plus 6/64GB Gray,Android,415,5328,,,5.95,64,3500,Jun-18
Meizu,15 Plus 6/64GB Gray,Android,405,5328,,,5.95,64,3500,Jun-18
Nokia,150 Black,,920,1180,959,1479,2.4,,1020,Feb-17
Nokia,150 Dual Sim Cyan (16GMNE01A04),,543,1190,1090,1479,2.4,,1020,Jul-20
Nokia,150 Dual Sim Red (16GMNR01A02),,835,1196,1090,1529,2.4,,1020,Jul-20
Nokia,150 White,,645,1090,959,1566,2.4,,1020,Feb-17
Meizu,16 6/128GB Black,Android,1111,5926,5290,6526,6,128,3100,Nov-18
Meizu,16 6/64GB Black,Android,1144,5231,4599,5759,6,64,3100,Nov-18
Meizu,16X 6/128GB Dual Purple,Android,663,5649,5599,5699,6,128,3100,Mar-20
Meizu,16Xs 6/128GB Pearl White,Android,900,7229,6840,7786,6.2,128,4000,Nov-20
Meizu,16th 6/64GB Black,Android,1063,7776,7049,8196,6,64,3010,Sep-18
ALCATEL,1B 5002H Pine Green (5002H-2BALUA12),Android,195,2399,,,5.5,16,3000,Sep-20
ALCATEL,1B 5002H Prime Black (5002H-2AALUA12),Android,616,2408,2168,3185,5.5,16,3000,Sep-20
ALCATEL,1SE 3/32GB Power Gray (5030D-2AALUA2),Android,629,3249,2889,3299,6.22,32,4000,Oct-20
ALCATEL,1SE 4/128GB Agate Green (5030E-2BALUA2),Android,790,3877,3581,3899,6.22,128,4000,Oct-20
ALCATEL,1SE 4/128GB Agate Green (5030E-2BALUA2),Android,793,3877,3581,3899,6.22,128,4000,Oct-20
Nokia,2.2 2/16GB Black,Android,1052,2299,,,5.71,16,3000,Aug-19
Nokia,2.3 2/32GB Green,Android,870,2799,,,6.2,32,4000,Feb-20
Nokia,2.4 2/32GB Charcoal,Android,1031,3162,2999,3299,6.5,32,4500,Sep-20
Honor,20 6/128GB Black,Android,823,9999,,,6.26,128,3750,Jul-19
ALCATEL,2003 Dual SIM Dark Gray (2003D-2AALUA1),,538,655,649,809,2.4,,970,Oct-20
ALCATEL,2003 Dual SIM Dark Gray (2003D-2AALUA1),,527,655,649,809,2.4,,970,Oct-20
ALCATEL,2003 Dual SIM Metallic Blue (2003D-2BALUA1),,193,654,647,809,2.4,,970,Oct-20
ALCATEL,2019 Single SIM Metallic Gray (2019G-3AALUA1),,545,864,849,1176,2.4,,970,Oct-20
ALCATEL,2053 Dual SIM Pure White (2053D-2BALUA1),,475,900,899,938,2.4,,970,Oct-20
ALCATEL,2053 Dual SIM Volcano Black (2053D-2AALUA1),,585,898,795,1129,2.4,,970,Oct-20
Nokia,210 Dual SIM 2019 Black (16OTRB01A02),,464,1153,975,1199,2.4,0.016,1020,May-19
Nokia,230 Dual Blue (16PCML01A02),,65,1864,1717,2229,2.8,0.016,1200,Mar-19
Nokia,230 Dual Dark Silver (A00026971),,860,1847,1725,1939,2.8,0.016,1200,Dec-15
Nokia,2720 Flip Black (16BTSB01A10),iOS,883,2530,2395,2689,2.8,4,1500,Sep-19
Nokia,2720 Flip Red,,721,2567,2389,2699,2.8,4,1500,Jan-20
Nokia,2720 Flip Red,,719,2567,2389,2699,2.8,4,1500,Jan-20
realme,3 Pro 6/128GB Nitro Blue,Android,103,7068,,,6.3,128,4045,Oct-19
realme,3 Pro 6/128GB Nitro Blue,Android,128,7068,,,6.3,128,4045,Oct-19
Nokia,3.4 3/64GB Charcoal,Android,1132,3899,3550,4049,6.39,64,4000,Sep-20
OnePlus,3T 128GB (Gunmetal),OxygenOS,235,6991,6195,9399,5.5,128,3400,Jan-17
OnePlus,3T 128GB (Gunmetal),OxygenOS,188,6991,6195,9399,5.5,128,3400,Jan-17
OnePlus,3T 64GB (Gunmetal),OxygenOS,921,5856,5630,6299,5.5,64,3400,Dec-16
ALCATEL,3X 5048Y Black (5048Y-2AALWE12),Android,194,3590,,,6.52,64,4000,Sep-20
Archos,40 Neon,Android,190,840,,,4,8,1300,May-16
Archos,40 Neon,Android,224,840,,,4,8,1300,May-16
realme,5 4/128GB Violet,Android,280,5757,,,6.5,128,5000,Mar-20
OnePlus,5 6/64GB Black,Android,337,7333,,,5.5,64,3300,Jun-17
OnePlus,5 6/64GB Slate Grey,Android,234,7333,,,5.5,64,3300,Jun-17
realme,5 Pro 8/128GB Green,Android,38,8294,,,6.3,128,4035,Jan-20
realme,5 Pro 8/128GB Green,Android,88,8294,,,6.3,128,4035,Jan-20
realme,5 Pro 8/128GB Green,Android,97,8294,,,6.3,128,4035,Jan-20
Nokia,5.3 4/64GB Charcoal,Android,1156,4429,4150,4583,6.55,64,4000,Jun-20
Nokia,5.4 4/128GB Polar Night,Android,701,9323,9166,9599,6.39,128,4000,Jan-21
Nokia,5310 2020 DualSim Black/Red (16PISXO1A18),,888,1365,1260,1419,2.4,0.016,1200,Apr-20
realme,5i 4/64GB Green,Android,137,4761,4532,4990,6.5,64,5000,Mar-20
realme,6 4/128GB Blue,Android,1139,5936,5599,6345,6.5,128,4300,Apr-20
realme,6 4/64GB Blue,Android,1045,5299,,,6.5,64,4300,Apr-20
Nokia,6 64GB Black,Android,309,6381,5265,7011,5.5,64,3000,Apr-17
Nokia,6 64GB Silver,Android,21,5265,,,5.5,64,3000,May-17
realme,6 8/128GB Blue,Android,1118,6767,6289,9547,6.5,128,4300,Apr-20
realme,6 Pro 8/128GB Blue,Android,1117,8045,7499,9006,6.6,128,4300,Apr-20
Nokia,6.1 4/32GB Black,Android,620,3820,3792,3848,5.5,32,3000,Jun-18
Nokia,6.1 4/64GB Black,Android,798,3962,3885,4099,5.5,64,3000,Mar-18
Nokia,6.1 Plus 4/64GB Blue,Android,202,5020,,,5.8,64,3060,Sep-18
realme,6S 4/64GB Eclipse Black,Android,329,5777,,,6.5,64,4300,Jan-21
realme,6S 4/64GB Eclipse Black,Android,291,5777,,,6.5,64,4300,Jan-21
realme,6S 6/128GB Lunar White,Android,953,6078,5749,6270,6.5,128,4300,Oct-20
OnePlus,6T 8/256GB Midnight Black,Android,661,15625,15080,16213,6.41,256,3700,Oct-18
realme,6i 3/64GB White,Android,989,4292,4089,4599,6.5,64,5000,Apr-20
realme,6i 4/128GB Green,Android,1042,4946,4699,5044,6.5,128,5000,Apr-20
Honor,7 16GB (Gold),Android,158,2766,,,5.2,16,3100,Jul-15
Honor,7 16GB (Gold),Android,133,2766,,,5.2,16,3100,Jul-15
Honor,7 16GB (Gold),Android,108,2766,,,5.2,16,3100,Jul-15
realme,7 6/64GB Mist Blue,Android,570,6215,5990,6658,6.5,64,5000,Feb-21
OnePlus,7 8/256GB Mirror Gray,Android,1022,14443,13920,15449,6.41,256,3700,Jul-19
Nokia,7 Plus 4/64GB Black,Android,375,7612,6014,9211,6,64,3800,Mar-18
realme,7 Pro 8/128GB Mirror Blue,Android,1179,8584,8199,9547,6.4,128,4500,Oct-20
OnePlus,8 12/256GB Onyx Black,Android,1067,17172,16500,18497,6.55,256,4300,Apr-20
Honor,8 3/32GB Blue,Android,535,3613,3199,3848,5.2,32,3000,May-18
Honor,8 4/64GB (Blue),Android,693,3499,,,5.2,64,3000,Nov-16
OnePlus,8 8/128GB Onyx Black,Android,1155,15840,14863,16999,6.55,128,4300,Apr-20
Nokia,8 Dual SIM Silver,Android,626,6222,,,5.3,64,3090,Oct-17
OnePlus,8 Pro 12/256GB Glacial Green,Android,1095,22587,21778,25999,6.78,256,4510,Apr-20
OnePlus,8 Pro 8/128GB Onyx Black,Android,1161,20709,20095,21999,6.78,128,4510,Apr-20
Nokia,8.3 5G 8/128GB Polar Night,Android,1055,19041,18500,20517,6.81,128,4500,Oct-20
Nokia,800 Tough Black,,609,3241,2989,3749,2.4,4,2100,Oct-19
Nokia,800 Tough Sand,,560,3216,2989,3299,2.4,4,2100,Jan-20
Honor,8A 2/32GB Gold,Android,383,3199,,,6.09,32,3020,Mar-19
Honor,8A 3/64GB Blue,Android,430,3844,3690,3999,6.09,64,3020,Nov-19
Honor,8A 3/64GB Blue,Android,433,3844,3690,3999,6.09,64,3020,Nov-19
Honor,8S 2/32GB Black (51093ULM),Android,767,2499,,,5.7,32,3020,May-19
Honor,8S 2/32GB Black (51093ULM),Android,769,2499,,,5.7,32,3020,May-19
OnePlus,8T 12/256GB Cyberpunk 2077 Limited Edition,Android,938,23999,23999,24000,6.55,256,4500,Jan-21
OnePlus,8T 12/256GB Lunar Silver,Android,1159,18200,17249,19999,6.55,256,4500,Oct-20
OnePlus,8T 8/128GB Aquamarine Green,Android,1157,16845,16299,18000,6.55,128,4500,Oct-20
Honor,8x Max 4/64GB Black,Android,694,5652,5605,5699,7.12,64,5000,Oct-18
Honor,8x Max 4/64GB Black,Android,697,5652,5605,5699,7.12,64,5000,Oct-18
Honor,8x Max 4/64GB Blue,Android,303,5844,5605,6199,7.12,64,5000,Nov-18
Honor,9 4/64GB Dual Blue,Android,660,4461,3978,5957,5.15,64,3200,Sep-17
Honor,9 Lite 3/32GB Midnight Black,Android,142,3491,3444,3574,5.65,32,3000,Mar-18
Honor,9i 3/32GB Black,Android,342,3424,3399,3449,5.84,32,3000,Jun-20
Honor,9i 3/32GB Black,Android,361,3424,3399,3449,5.84,32,3000,Jun-20
Honor,9i 4/64GB Blue,Android,216,4009,,,5.84,64,3000,Dec-18
Honor,9i 4/64GB Blue,Android,180,4009,,,5.84,64,3000,Dec-18
Honor,9x 4/128GB Black,Android,1048,5599,4999,5999,6.59,128,4000,Nov-19
Ulefone,A1 Dual Black,,83,817,755,845,2.4,0.032,2000,Feb-19
Ulefone,A1 Dual Gold,,384,834,719,1009,2.4,0.032,2000,Feb-19
Ulefone,A1 Silver,,440,805,691,1009,2.4,,2000,Dec-19
AGM,A10 6/128GB Black,Android,2,5628,5297,6584,5.7,128,4400,Oct-20
OPPO,A12 3/32GB Black,Android,1024,3520,3375,3949,6.22,32,4230,Jun-20
OPPO,A12 4/64GB Blue,Android,705,3949,3799,3999,6.22,64,4230,Aug-20
Astro,A144 Black/Red,,519,214,199,229,1.77,0.032,600,Sep-19
Astro,A167 Black/Red,,172,599,,,3.2,,1000,Oct-20
Astro,A167 Black/Red,,208,599,,,3.2,,1000,Oct-20
Astro,A167 Black/Red,,221,599,,,3.2,,1000,Oct-20
Astro,A169 Black Gray,,11,399,,,1.77,,1000,Apr-20
Rezone,A170 Point Black,,411,252,220,333,1.77,,600,Apr-19
Rezone,A170 Point Black,,401,252,220,333,1.77,,600,Apr-19
Rezone,A170 Point Dark Blue,,106,252,220,333,1.77,,600,Apr-19
Rezone,A170 Point Dark Blue,,131,252,220,333,1.77,,600,Apr-19
Rezone,A170 Point Dark Blue,,156,252,220,333,1.77,,600,Apr-19
Astro,A173 Black/Orange,,204,279,,,1.77,0.032,800,Jun-18
Astro,A225 Black,,295,359,,,2.4,0.032,1000,Jun-18
Astro,A225 Black,,334,359,,,2.4,0.032,1000,Jun-18
Rezone,A240 Experience Red,,63,308,289,364,2.4,,800,Apr-19
Rezone,A281 Force Black,,947,632,532,1143,2.8,,6000,Apr-19
Blackview,A30 2/16GB Black,Android,240,1852,1795,1910,5.5,16,2500,Sep-18
Blackview,A30 2/16GB Black,Android,243,1852,1795,1910,5.5,16,2500,Sep-18
OPPO,A31 4/64GB Mystery Black,Android,897,4471,3999,4499,6.5,64,4230,Mar-20
OPPO,A5 2020 3/64GB Black,Android,833,4773,4499,4999,6.5,64,5000,Nov-19
Archos,A50 GRANITE 2/16GB Black,Android,617,1599,,,5,16,2700,Nov-18
Bravis,A512 Harmony Pro DS Black,Android,302,2199,,,5,16,3200,Jan-19
OPPO,A52 4/64GB Twilight Black,Android,1094,5448,4857,6031,6.5,64,5000,May-20
OPPO,A53 4/128GB Electric Black,Android,985,5683,4998,5999,6.5,128,5000,Nov-20
OPPO,A53 4/64GB Black,Android,1145,5257,4407,6658,6.5,64,5000,Oct-20
NUU,A5L+ 2/16GB Grey,Android,650,1599,,,5.5,16,2650,Jan-20
OPPO,A5s 3/32Gb Blue,Android,478,3266,3199,3333,6.2,32,4230,Aug-19
Blackview,A60 1/16GB Black,Android,857,1910,1735,2052,6.1,16,4080,May-19
Blackview,A60 Plus 4/64GB Black,Android,1027,2831,2695,3189,6.08,64,4080,Dec-20
Blackview,A60 Pro 3/16GB Black,Android,904,2465,2299,2599,6.08,16,4080,Jul-19
Lenovo,A7 2/32GB L19111 Blue,Android,82,3391,3119,3746,6.09,32,4000,Jul-20
UMIDIGI,A7 Pro 4/128GB Black,Android,29,3868,3499,4104,6.3,128,4150,Aug-20
UMIDIGI,A7 Pro 4/128GB Black,Android,23,3868,3499,4104,6.3,128,4150,Aug-20
UMIDIGI,A7 Pro 4/64GB Black,Android,419,3327,3149,3506,6.3,64,4150,Jun-20
OPPO,A72 4/128GB Aurora Purple,Android,948,6867,6000,6999,6.5,128,5000,May-20
OPPO,A73 4/128GB Navy Blue,Android,1097,6615,5949,6999,6.44,128,4015,Dec-20
UMIDIGI,A7S 2/32GB Black,Android,622,2479,,,6.53,32,4150,Nov-20
AGM,A8 3/32GB Black,Android,74,4463,4299,4617,5,32,,Oct-17
Blackview,A80 2/16GB Red,Android,578,2232,2090,2471,6.21,16,4200,Jun-20
Blackview,A80 Pro 4/64GB Black,Android,1018,3250,3134,3692,6.49,64,4680,Jan-20
OPPO,A9 2020 4/128GB Marine Green,Android,73,6039,,,6.5,128,5000,Nov-19
OPPO,A9 2020 4/128GB Space Purple,Android,814,5699,,,6.5,128,5000,Nov-19
AGM,A9 4/32GB Black,Android,797,5851,5699,6184,5.99,32,5400,May-19
AGM,A9 4/64GB Black,Android,704,6900,6628,7299,5.99,64,5400,Feb-19
OPPO,A91 8/128GB Black,Android,1124,8141,7298,8499,6.4,128,4025,Apr-20
Assistant,AS-201 Dual Sim Blue,,316,294,263,330,2.4,0.064,1500,Dec-18
Assistant,AS-203 Dual Sim Black,,377,398,345,659,2.2,0.032,1000,Oct-19
Crosscall,Action-X3 3/32GB Black,Android,155,3460,,,5,32,3500,Aug-20
Sharp,Aquos D10 4/64GB Black,Android,632,7827,6199,9999,5.99,64,2900,Jun-19
Ulefone,Armor 10 5G 8/128GB Black,Android,146,12913,12072,13499,6.67,128,5800,Jan-21
Ulefone,Armor 3W 6/64GB Black,Android,314,6692,6486,6964,5.7,64,,Jun-20
Ulefone,Armor 3WT 6/64GB Black,Android,148,7498,7349,7699,5.7,64,10300,Nov-19
Ulefone,Armor 7E 4/128GB Black,Android,671,7958,6787,8999,6.3,128,5500,Jul-20
Ulefone,Armor 7E 4/128GB Black,Android,673,7958,6787,8999,6.3,128,5500,Jul-20
Ulefone,Armor 8 4/64GB Black (6937748733744),Android,865,5943,4398,6799,6.1,64,5500,Oct-20
Ulefone,Armor 9 8/128GB Black (6937748733515),Android,1009,15611,13799,16120,6.3,128,6600,Aug-20
Ulefone,Armor 9E 8/128GB Black (6937748733805),Android,816,11062,9610,13092,6.3,128,6600,Sep-20
Ulefone,Armor 9E 8/128GB Black (6937748733805),Android,818,11062,9610,13092,6.3,128,6600,Sep-20
Ulefone,Armor Mini Black,,318,1274,1149,1511,2.4,0.032,2500,Jun-18
Ulefone,Armor Mini Red,,52,1299,1199,1479,2.4,0.032,2500,Jun-18
Ulefone,Armor X3 2/32GB Black,Android,395,3155,2493,3699,5.5,32,5000,Sep-20
Ulefone,Armor X5 3/32GB Red (6937748733256),Android,788,3768,2909,4399,5.5,32,5000,May-20
Ulefone,Armor X5 Pro 4/64GB Black (6937748733829),Android,1010,4251,3395,5200,5.5,64,5000,Sep-20
Ulefone,Armor X6 2/16GB Orange,Android,662,2786,2175,3199,5,16,4000,Apr-20
Ulefone,Armor X7 2/16GB Orange,Android,546,3072,2484,3499,5,16,,Jun-20
Ulefone,Armor X7 Pro 4/32GB Black,Android,998,3550,2770,3999,5,32,4000,Sep-20
Ulefone,Armor X8 4/64GB Black,Android,1035,4424,3470,5322,5.7,64,5080,Dec-20
ERGO,B181 DUAL SIM BLACK,,621,275,265,299,1.8,0.032,800,Dec-20
Tecno,B1P DS Champagne Gold,Android,110,1699,,,5.45,8,4000,Jan-19
Tecno,B1P DS Champagne Gold,Android,160,1699,,,5.45,8,4000,Jan-19
Astro,B200RX (White),,390,646,552,799,2,0.064,1300,May-16
Astro,B200RX (Yellow),,599,655,532,799,2,0.064,1300,May-16
ERGO,B241 Black,,448,400,375,433,2.4,0.032,1200,Dec-20
CAT,B26 Black,,1084,1488,1330,1819,2.4,,1500,Dec-19
ERGO,B505 Unit 4G Dual Sim Black,Android,49,1715,,,5,8,2500,Dec-18
DOOGEE,BL5000 Black (6924351609900),Android,25,3107,,,5.5,64,5050,Aug-17
DOOGEE,BL5000 Black (6924351609900),Android,94,3107,,,5.5,64,5050,Aug-17
DOOGEE,BL5500 Lite 2/16GB Dual Sim Gold,Android,540,2323,2099,2548,6.19,16,5500,Jan-19
Blackview,BV1000 Black,,688,992,900,1186,2.4,0.032,3000,Jan-19
Blackview,BV4900 3/32GB Black,Android,877,2974,2819,3199,5.7,32,5580,Nov-20
Blackview,BV4900 Pro 4/64GB Orange,Android,869,3474,3333,3719,5.7,64,5580,Jan-21
Blackview,BV5100 4/128GB Green,Android,515,4727,4610,5099,5.7,128,5580,Dec-20
Blackview,BV5100 Pro 4/128GB Black,Android,138,6789,5999,7838,5.7,128,5580,Jan-21
Blackview,BV5500 2/16GB Black,Android,772,2596,2149,3099,5.5,16,4400,Feb-19
Blackview,BV5500 Plus 3/32GB Black,Android,1023,2720,2560,3040,5.5,32,4400,Jun-20
Blackview,BV5500 Pro 3/16GB Black,Android,553,3566,2629,3800,5.5,16,4400,Jun-19
Blackview,BV5500 Pro 3/16GB Black,Android,548,3566,2629,3800,5.5,16,4400,Jun-19
Blackview,BV5800 Pro 2/16GB Black,Android,425,2394,,,5.5,16,5580,Sep-18
Blackview,BV5900 3/32GB Black,Android,659,3668,3447,4389,5.7,32,5580,Dec-19
Blackview,BV6100 3/16GB Black,Android,806,3386,3190,3895,6.88,16,5580,Sep-19
Blackview,BV6300 3/32GB Black,Android,849,3762,3590,4674,5.7,32,4380,Nov-20
Blackview,BV6300 Pro 6/128GB Black,Android,882,5418,5199,5873,5.7,128,4380,Aug-20
Blackview,BV6800 Pro 4/64GB Black,Android,821,6801,4640,7399,5.7,64,6580,Nov-18
Blackview,BV6900 4/64GB Black,Android,764,4793,4670,5472,5.84,64,5580,Jul-20
Blackview,BV8000 Pro Lion Gold,Android,536,4584,4440,5130,5,64,4180,Jul-17
Blackview,BV8000 Pro Lion Gold,Android,525,4584,4440,5130,5,64,4180,Jul-17
Blackview,BV9100 4/64GB Black,Android,954,5355,5150,5850,6.3,64,13000,Oct-19
Blackview,BV9500 Black,Android,562,6356,5780,6929,5.7,64,10000,Sep-18
Blackview,BV9500 Plus 4/64GB Black,Android,792,5851,5649,6119,5.7,64,10000,Oct-19
Blackview,BV9500 Pro 6/128GB Black,Android,612,8087,7398,11924,5.7,128,10000,Oct-18
Blackview,BV9600 4/64GB Silver,Android,104,6072,5910,6349,6.21,64,5580,Aug-19
Blackview,BV9600 4/64GB Silver,Android,129,6072,5910,6349,6.21,64,5580,Aug-19
Blackview,BV9600 Pro 6/128GB Black,Android,373,6898,6730,7165,6.21,128,5580,Feb-19
Blackview,BV9600 Pro 6/128GB Black,Android,355,6898,6730,7165,6.21,128,5580,Feb-19
Blackview,BV9600E 4/128GB Grey,Android,533,6126,5899,7011,6.21,128,5580,Jun-20
Blackview,BV9700 Pro 6/128GB Black,Android,898,6967,6790,7289,5.84,128,4380,Aug-19
Blackview,BV9700 Pro 6/128GB Black + Night Vision Camera,Android,77,7686,7599,7860,5.84,128,4380,Aug-19
Blackview,BV9800 6/128Gb Black,Android,293,10064,9760,10499,6.3,128,6580,Feb-20
Blackview,BV9800 6/128Gb Black,Android,332,10064,9760,10499,6.3,128,6580,Feb-20
Blackview,BV9800 Pro 6/128GB Orange,Android,879,10436,9949,11258,6.3,128,6580,May-20
Blackview,BV9900 8/256GB Black,Android,732,9916,9536,10611,5.84,256,4380,May-20
Blackview,BV9900 Pro 8/128GB Gray,Android,802,12667,12077,14279,5.84,128,4380,Jun-20
Blackview,BV9900E 6/128GB Black,Android,918,7608,7380,7999,5.84,128,4380,Nov-20
UMIDIGI,Bison 6/128GB Red,Android,884,4994,4940,5049,6.3,128,5000,Dec-20
Xiaomi,Black Shark 2 Pro 8/128GB Black,Android,150,15149,14999,15299,6.39,128,4000,Nov-19
Xiaomi,Black Shark 2 Pro 8/128GB Iceberg Grey,Android,43,15399,14910,15999,6.39,128,4000,Nov-19
Xiaomi,Black Shark 3 12/256GB Black,Android,726,18319,17400,18999,6.67,256,4720,Jul-20
Xiaomi,Black Shark 3 8/128GB Black,Android,1098,13846,13151,14999,6.67,128,4720,Jun-20
Xiaomi,Black Shark 8/128GB Black,Android,53,13146,,,5.99,128,4000,May-18
ZTE,Blade 20 Smart 4/128GB Gradient Green,Android,1083,4152,3745,4417,6.49,128,5000,Dec-19
ZTE,Blade A3 2020 1/32GB Blue,Android,700,2016,1839,2229,5.45,32,2600,Mar-20
ZTE,Blade A3 2020 1/32GB Grey,Android,619,2014,1839,2099,5.45,32,2600,Mar-20
ZTE,Blade A3 2020 1/32GB Red,Android,446,2021,1839,2332,5.45,32,2600,Aug-20
ZTE,Blade A5 2/16GB Black,Android,782,1999,,,5.45,16,2600,May-19
ZTE,Blade A5 2/16GB Blue,Android,601,1999,,,5.45,16,2600,Jun-19
ZTE,Blade A5 2/16GB Blue,Android,594,1999,,,5.45,16,2600,Jun-19
ZTE,Blade A5 2/32GB Black,Android,706,2257,2199,2315,5.45,32,2600,Jul-20
ZTE,Blade A5 2/32GB Blue,Android,529,2435,2199,2599,5.45,32,2600,Jun-19
ZTE,Blade A5 2020 2/32GB Black,Android,942,2517,2299,2881,6.08,32,3200,Dec-19
ZTE,Blade A7 2019 2/32GB Black,Android,978,2590,2399,2799,6.1,32,3200,May-19
ZTE,Blade A7 2020 2/32GB Gradient,Android,1016,2783,2599,2999,6.08,32,4000,Dec-19
ZTE,Blade A7 2020 3/64GB Gradient,Android,1071,3154,3069,3499,6.08,64,4000,Dec-19
ZTE,Blade A7S 2/64GB Blue,Android,775,3052,2695,3549,6.5,64,4000,Sep-20
ZTE,Blade L210 1/32GB Black,Android,642,1801,1678,2009,6,32,2600,Sep-20
ZTE,Blade L210 1/32GB Blue,Android,399,1789,1678,1979,6,32,2600,Sep-20
ZTE,Blade L210 1/32GB Blue,Android,418,1789,1678,1979,6,32,2600,Sep-20
ZTE,Blade L8 1/16GB Black,Android,750,1552,1368,1646,5,16,2000,May-19
ZTE,Blade L8 1/16GB Blue,Android,691,1529,1368,1917,5,16,2000,Jun-19
ZTE,Blade V2020 Smart 4/128GB Grey,Android,951,4041,3755,4435,6.82,128,5000,Nov-20
ZTE,Blade V2020 Smart 4/64GB Grey,Android,941,3821,3577,4171,6.82,64,5000,Nov-20
realme,C11 2/32GB Green,Android,753,3055,2999,3179,6.5,32,5000,Jul-20
realme,C11 2/32GB Grey,Android,930,3015,2940,3179,6.5,32,5000,Jul-20
Oukitel,C18 Pro 4/64GB Purple,Android,386,3409,3149,3791,6.55,64,4000,Dec-20
Oukitel,C19 2/16GB Black,Android,610,2132,2049,2299,6.49,16,4000,Aug-20
Oukitel,C19 2/16GB Gradient Blue,Android,497,2104,2030,2299,6.49,16,4000,Oct-20
realme,C2 2/32GB Diamond Black,Android,634,2899,,,6.1,32,4000,Feb-20
Oukitel,C21 4/64GB Black,Android,1044,3276,3149,3589,6.4,64,4000,Oct-20
realme,C3 2/32GB Blue,Android,936,3296,3174,3399,6.5,32,5000,Apr-20
realme,C3 2/32GB Red,Android,738,3361,3174,3399,6.5,32,5000,Apr-20
realme,C3 3/32GB Red,Android,665,3399,,,6.5,32,5000,Oct-20
realme,C3 3/64GB Blue,Android,1153,3812,3547,4049,6.5,64,5000,Apr-20
Cubot,C30 8/128GB Black,Android,625,5671,5290,5871,6.4,128,4200,Dec-20
S-TELL,C552 Black,Android,307,1150,,,5,4,2000,Mar-18
S-TELL,C552 Red,Android,319,1150,,,5,4,2000,Mar-18
Meizu,C9 2/16GB Black,Android,907,1899,,,5.45,16,3000,Nov-18
Meizu,C9 Pro 3/32GB Black,Android,161,2618,,,5.45,32,3000,Dec-18
Meizu,C9 Pro 3/32GB Black,Android,111,2618,,,5.45,32,3000,Dec-18
Crosscall,CORE-X3 2/16GB Dark Blue,Android,62,2950,,,5,16,3500,Aug-20
Tecno,Camon 12 Air CC6 Alpenglow Gold,Android,449,2999,,,6.55,32,4000,Nov-19
Tecno,Camon 12 CC7 Dark Jade,Android,522,3440,3149,3799,6.52,64,4000,Nov-19
Tecno,Camon 15 4/64GB Dark Jade (4895180755057),Android,876,4057,3949,4499,6.6,64,5000,Aug-20
Tecno,Camon 15 CD7 4/128GB Fascinating Purple (4895180759550),Android,252,4299,,,6.6,128,5000,Oct-20
Sigma mobile,Comfort 50 Elegance3 SIMO ASSISTANT Red,,583,810,699,830,2.8,,1600,Jul-18
Sigma mobile,Comfort 50 Grand Black,,200,641,588,699,2.3,,1000,Feb-19
Sigma mobile,Comfort 50 HIT 2020 Black,,990,444,399,459,1.77,,1450,Dec-19
Sigma mobile,Comfort 50 SOLO Black,,253,777,690,853,2.2,,1650,Aug-19
Sigma mobile,Comfort 50 SOLO Black,,265,777,690,853,2.2,,1650,Aug-19
Sigma mobile,Comfort 50 Shell Duo Red (4827798212325),,1021,988,911,1049,,,800,Oct-16
Coolpad,Cool Play 6 6/64GB Black,Android,271,3968,3947,3990,5.5,64,4060,Nov-18
Coolpad,Cool Play 6 6/64GB Black,Android,259,3968,3947,3990,5.5,64,4060,Nov-18
Archos,Core 50 16GB Red,Android,245,2059,1899,2099,5,16,2000,Aug-18
Bluboo,D6 Pro 2/16GB Black,Android,159,1979,,,5.5,16,2700,Feb-19
Bluboo,D6 Pro 2/16GB Black,Android,109,1979,,,5.5,16,2700,Feb-19
LG,D855 G3 32GB (Silk White),Android,494,2884,,,5.5,32,3000,May-14
LG,D858 G3 Dual (Metallic Black),Android,488,2969,,,5.5,32,3000,Oct-15
Motorola,Droid Turbo 2 32GB (Ballistic Nylon Black),Android,269,5590,,,5.4,32,3760,Dec-15
Motorola,Droid Turbo 2 32GB (Ballistic Nylon Black),Android,257,5590,,,5.4,32,3760,Dec-15
Philips,E169 Gray,,746,807,749,1049,2.4,,1600,Aug-19
Philips,E169 Red,,397,806,749,1049,2.4,,1600,Aug-19
2E,E180 2019 Red (680576170057),,56,301,289,346,1.77,0.032,800,Dec-19
2E,E240 Black,,389,413,359,549,2.4,0.032,1800,Feb-18
2E,E240 Power DualSim Black (680576170088),,335,546,507,581,2.4,0.032,3000,Dec-20
2E,E240 Power DualSim Black (680576170088),,296,546,507,581,2.4,0.032,3000,Dec-20
2E,E280 Dual Sim Black,,251,499,,,2.8,0.032,1450,Nov-17
2E,E450A 2018 DualSim Black,Android,563,1250,1215,1338,4.5,8,1500,Aug-18
2E,E450R DualSim Gray,Android,571,1850,1499,2499,4.5,8,2600,Dec-17
2E,E500A 2019 DualSim Black,Android,670,1362,1319,1499,5,8,2500,May-19
Motorola,E6 Plus 4/64GB Polish Grey,Android,79,3490,,,6.1,64,3000,Jul-20
Motorola,E6 Plus XT2025-2 4/64GB Blue,Android,762,3444,3399,3490,6.1,64,3000,Jan-20
Motorola,E6S 4/64 GB Meteor Grey (PAJE0031RS),Android,1178,2992,2888,3205,6.1,64,3000,Sep-20
Motorola,E7 Plus 4/64GB Misty Blue (PAKX0008RS),Android,929,4217,4199,4290,6.5,64,5000,Sep-20
Motorola,Edge 5G 6/128GB Dual Black (XT2063-3),Android,1131,15017,14299,16872,6.7,128,4500,Jul-20
ERGO,F186 Solace DS Black,,901,391,345,476,1.77,0.032,1000,Jul-19
ERGO,F186 Solace DS Silver,,523,373,345,399,1.77,0.032,1000,Jul-19
ERGO,F188 Play DS Black,,333,272,227,289,1.77,,1000,Feb-20
ERGO,F188 Play DS Black,,294,272,227,289,1.77,,1000,Feb-20
ERGO,F243 Swift Dual Sim Black,,151,374,369,379,2.4,0.032,1800,Oct-17
ERGO,F243 Swift Dual Sim Blue,,122,379,,,2.4,0.032,1800,Dec-18
ERGO,F243 Swift Dual Sim Blue,,163,379,,,2.4,0.032,1800,Dec-18
ERGO,F243 Swift Dual Sim Blue,,113,379,,,2.4,0.032,1800,Dec-18
ERGO,F245 Strength Dual Sim Yellow/Black,,12,699,,,2.4,0.032,1400,Mar-20
ERGO,F248 Defender Dual SIM Black,,45,649,,,2.4,,2000,Oct-19
ERGO,F282 Travel Dual Sim Black,,556,583,565,599,2.8,0.032,3100,Apr-18
ERGO,F282 Travel Dual Sim Black,,551,583,565,599,2.8,0.032,3100,Apr-18
ERGO,F284 Balance Dual Sim Black,,227,477,430,499,2.8,,800,Feb-20
ERGO,F285 Wide DS Black,,186,523,447,549,2,,1800,Nov-19
ERGO,F285 Wide DS Black,,219,523,447,549,2,,1800,Nov-19
2E,F534L 2018 DualSim Black,Android,600,1610,1495,1701,5.3,16,3020,Nov-18
2E,F534L 2018 DualSim Gold,Android,473,1599,,,5.3,16,3020,Nov-18
2E,F572L 2018 DualSim Red,Android,181,2167,1999,2336,5.7,16,3020,Oct-18
2E,F572L 2018 DualSim Silver,Android,567,1939,1759,1999,5.7,16,3020,Oct-18
Fly,FF243 (Black),,442,474,418,655,2.4,0.032,1700,Aug-16
Fly,FF249 Dual Sim Black,,905,557,497,719,2.4,0.032,4000,Dec-18
Fly,FF250 Black,,773,314,239,379,2.4,,800,Jan-20
Fly,FF281 Dual Sim (Black),,653,547,499,719,2.8,0.032,1400,Jul-16
Fly,FF281 Silver,,502,545,497,679,2.8,0.032,1400,Nov-20
OPPO,Find X2 12/256GB Ocean Black,Android,590,29999,,,6.7,256,4200,Apr-20
OPPO,Find X2 Pro 12/512GB Orange,Android,474,32530,31720,33999,6.7,512,4260,Jan-21
LG,G6 32GB Black (H870S.ACISBK),Android,710,3742,,,5.7,32,3300,Mar-17
LG,G6 64GB Black (LGH870DS.ACISBK),Android,637,3850,,,5.7,64,3300,Mar-17
LG,G6 64GB Platinum (LGH870DS.ACISPL),Android,745,3799,,,5.7,64,3300,Mar-17
LG,G6 G600L 4/64GB Black,Android,603,4099,,,5.7,64,3300,Mar-19
LG,G6 G600L 4/64GB Black,Android,596,4099,,,5.7,64,3300,Mar-19
LG,G6 G600L 4/64GB Platinum,Android,674,4099,,,5.7,64,3300,Mar-19
LG,G6 Plus 128GB Gold,Android,96,8009,,,5.7,128,3300,Aug-17
LG,G6 Plus 128GB Gold,Android,27,8009,,,5.7,128,3300,Aug-17
Motorola,G7 4/64GB Ceramic Black (XT1962-6),Android,686,4849,4499,5199,6.2,64,3000,Jul-20
LG,G7 ThinQ 4/64GB Aurora Black (LMG710EMW.ACISBK),Android,1030,5571,5566,5576,6.1,64,3000,May-18
LG,G7 ThinQ 4/64GB Moroccan Blue (LMG710EMW.ACISBL),Android,923,5421,5266,5576,6.1,64,3000,May-18
LG,G7 ThinQ 4/64GB Platinum Gray,Android,851,5713,5566,5998,6.1,64,3000,May-18
LG,G7 ThinQ 4/64GB Raspberry Rose,Android,427,5798,5599,5998,6.1,64,3000,May-18
Motorola,G8 Power 4/64GB Dual Sim Black (PAHF0007RS),Android,925,5464,4999,6031,6.4,64,5000,Jul-20
Motorola,G8 Power Lite 4/64GB Royal Blue (PAJC0017RS),Android,840,4772,4399,5342,6.5,64,5000,Jul-20
LG,G8 ThinQ 6/128GB Black,Android,906,8299,,,6.1,128,3500,Nov-19
LG,G8X ThinQ 6/128GB Aurora Black,Android,931,17790,9888,20590,6.4,128,4000,Mar-20
LG,G8s ThinQ 6/128GB White,Android,988,14427,13749,15264,6.21,128,3550,Sep-20
Motorola,G9 Play 4/64GB Sapphire Blue (PAKK0016RS),Android,1062,4812,4434,5877,6.5,64,5000,Sep-20
Motorola,G9 Plus 4/128GB Navy Blue (PAKM0019RS),Android,1160,6697,6375,6999,6.81,128,5000,Sep-20
Samsung,G920F Galaxy S6 32GB (White Pearl),Android,845,3529,3100,3959,5.1,32,2550,Mar-15
Samsung,G925F Galaxy S6 Edge 32GB (White Pearl),Android,325,4511,,,5.1,32,2600,Mar-15
Samsung,G935FD Galaxy S7 Edge 32GB Gold (SM-G935FZDU),Android,605,5930,,,5.5,32,3600,Feb-16
Samsung,Galaxy A01 2/16GB Black (SM-A015FZKD),Android,1163,2940,2673,3158,5.7,16,3000,Jan-20
Samsung,Galaxy A01 Core 1/16GB Black (SM-A013FZKD),Android,1073,2344,2098,2553,5.3,16,3000,Aug-20
Samsung,Galaxy A02s 3/32GB Blue (SM-A025FZBE),Android,1078,3776,3599,3799,6.5,32,5000,Jan-21
Samsung,Galaxy A10s 2019 SM-A107F 2/32GB Black (SM-A107FZKD),Android,1129,3348,3170,3999,6.2,32,4000,Aug-19
Samsung,Galaxy A11 2/32GB Black (SM-A115FZKN),Android,1036,4101,3536,4396,6.4,32,4000,Jun-20
Samsung,Galaxy A12 SM-A125F 3/32GB Black (SM-A125FZKUSEK),Android,1008,4473,4186,4999,6.5,32,5000,Jan-21
Samsung,Galaxy A12 SM-A125F 4/64GB Black (SM-A125FZKVSEK),Android,1092,4977,4598,5499,6.5,64,5000,Jan-21
Samsung,Galaxy A2 Core 2019 SM-A260 1/16GB Blue,Android,100,3222,3029,3515,5,16,2600,Nov-19
Samsung,Galaxy A2 Core 2019 SM-A260 1/16GB Blue,Android,91,3222,3029,3515,5,16,2600,Nov-19
Samsung,Galaxy A20e SM-A202F 3/32GB Black SM-A202FZKD,Android,1040,4595,4309,5095,5.8,32,3000,Jul-19
Samsung,Galaxy A20e SM-A202F 3/32GB White (SM-A202FZWD),Android,54,4300,4100,4500,5.8,32,3000,Dec-19
Samsung,Galaxy A20s 2019 A207F 3/32GB Black (SM-A207FZKD),Android,1017,4126,3599,4399,6.5,32,4000,Oct-19
Samsung,Galaxy A21s 3/32GB Black (SM-A217FZKN),Android,1059,5174,4598,6470,6.5,32,5000,Jun-20
Samsung,Galaxy A30s 3/32GB Black (SM-A307FZKU),Android,1072,4524,3999,4789,6.4,32,4000,Sep-19
Samsung,Galaxy A30s 4/128GB White,Android,261,6340,,,6.4,64,4000,Nov-19
Samsung,Galaxy A30s 4/128GB White,Android,273,6340,,,6.4,64,4000,Nov-19
Samsung,Galaxy A30s 4/64GB Green (SM-A307FZGV),Android,778,6098,5799,6399,6.4,64,4000,Sep-19
Samsung,Galaxy A31 4/128GB Black (SM-A315FZKV),Android,1115,6510,5894,7499,6.4,128,5000,Apr-20
Samsung,Galaxy A31 4/64GB Black (SM-A315FZKU),Android,1185,5997,5368,6999,6.4,64,5000,Apr-20
Samsung,Galaxy A41 4/64GB Black (SM-A415FZKD),Android,1173,6693,5699,9547,6.1,64,3500,May-20
Samsung,Galaxy A50 2019 SM-A505F 4/128GB Black,Android,736,6687,6299,7154,6.4,128,4000,Apr-19
Samsung,Galaxy A50 2019 SM-A505F 4/64GB Blue (SM-A505FZBU),Android,874,5527,5499,5555,6.4,64,4000,Mar-19
Samsung,Galaxy A50 2019 SM-A505F 6/128GB Blue (SM-A505FZBQ),Android,712,6933,5999,7868,6.4,128,4000,Mar-19
Samsung,Galaxy A50s 2019 SM-A507FD 6/128GB Black,Android,168,8243,8107,8518,6.4,128,4000,Nov-19
Samsung,Galaxy A50s 2019 SM-A507FD 6/128GB Black,Android,118,8243,8107,8518,6.4,128,4000,Nov-19
Samsung,Galaxy A50s 2019 SM-A507FD 6/128GB Black,Android,127,8243,8107,8518,6.4,128,4000,Nov-19
Samsung,Galaxy A50s SM-A5070 6/128GB Prism Crush Green,Android,70,7159,6930,7979,6.4,128,4000,Mar-20
Samsung,Galaxy A51 2020 4/64GB Black (SM-A515FZKU),Android,1192,7139,6497,7999,6.5,64,4000,Jan-20
Samsung,Galaxy A51 2020 6/128GB Blue (SM-A515FZBW),Android,1177,8076,7436,8999,6.5,128,4000,Jan-20
Samsung,Galaxy A51 SM-A515F 2020 8/128GB Blue,Android,783,8538,8230,9067,6.5,128,4000,Jul-20
Samsung,Galaxy A51 SM-A515F 4/128GB Black,Android,970,7135,6870,7600,6.5,128,4000,Mar-20
Samsung,Galaxy A51 SM-A515F 6/128GB Metallic Silver (SM-A515FMSW),Android,1039,8152,7436,8999,6.5,128,4000,Jul-20
Samsung,Galaxy A6+ 3/32GB Gold (SM-A605FZDN),Android,205,7064,7032,7129,6,32,3500,May-18
Samsung,Galaxy A6+ 3/32GB Lavender,Android,484,5292,5255,5330,6,32,3500,May-18
Samsung,Galaxy A6+ 4/32GB Gold,Android,346,7071,7032,7129,6,32,3500,Jun-18
Samsung,Galaxy A7 2018 4/64GB Black (SM-A750FZKU),Android,279,5699,,,6,64,3300,Oct-18
Samsung,Galaxy A7 2018 4/64GB Blue (SM-A750FZBU),Android,689,5893,5570,6283,6,64,3300,Oct-18
Samsung,Galaxy A70 2019 SM-A7050 6/128GB Black,Android,339,8816,8299,10175,6.7,128,4500,May-19
Samsung,Galaxy A70 2019 SM-A7050 6/128GB Blue,Android,173,8965,8230,9499,6.7,128,4500,Aug-19
Samsung,Galaxy A70 2019 SM-A7050 6/128GB Blue,Android,209,8965,8230,9499,6.7,128,4500,Aug-19
Samsung,Galaxy A70 2019 SM-A7050 6/128GB Blue,Android,222,8965,8230,9499,6.7,128,4500,Aug-19
Samsung,Galaxy A70 2019 SM-A705F 6/128GB Black (SM-A705FZKU),Android,611,8986,8449,9399,6.7,128,4500,Apr-19
Samsung,Galaxy A71 2020 6/128GB Black (SM-A715FZKU),Android,1209,10403,9396,14538,6.7,128,4500,Jan-20
Samsung,Galaxy A71 2020 SM-A715F 8/128GB Blue,Android,957,10848,10340,11999,6.7,128,4500,May-20
Samsung,Galaxy A8+ 2018 32GB Gold (SM-A730FZDD),Android,44,7309,6780,8928,6,32,3500,Jan-18
Samsung,Galaxy A8+ 2018 32GB Orchid Gray (SM-A730FZVD),Android,93,7253,6799,8499,6,32,3500,Jan-18
Samsung,Galaxy A8+ 2018 32GB Orchid Gray (SM-A730FZVD),Android,102,7253,6799,8499,6,32,3500,Jan-18
Samsung,Galaxy A8+ 2018 4/64GB Orchid Gray,Android,143,6542,,,6,64,3500,Feb-18
Samsung,Galaxy A80 2019 8/128GB Black (SM-A805FZKD),Android,423,13131,,,6.7,128,3700,Apr-19
Samsung,Galaxy A80 2019 A8050 8/128GB Black,Android,310,13296,13031,13709,6.7,128,3700,Aug-19
Samsung,Galaxy A9 2018 6/128Gb Blue (SM-A920FZBD),Android,472,8610,7099,9199,6.3,128,3800,Nov-18
Samsung,Galaxy Fold 12/256GB Black,Android,298,55338,45799,59999,7.3,256,4380,Nov-19
Samsung,Galaxy Fold 12/512GB Black (SM-F900FZKD),Android,819,41310,34100,56999,7.3,512,4380,Mar-19
Samsung,Galaxy Fold 5G SM-F907B 12/512GB Black,Android,304,37640,35400,49593,7.3,512,4235,Mar-20
Samsung,Galaxy Fold 5G SM-F907B 12/512GB Silver,Android,330,37173,35400,49737,7.3,512,4235,Mar-20
Samsung,Galaxy J6 2018 2/32GB Gold (SM-J600FZDD),Android,761,3498,,,5.6,32,3000,Jun-18
Samsung,Galaxy M10 SM-M105F 2/16GB Black (SM-M105GDAG),Android,132,4268,4116,4516,6.22,16,3400,Mar-19
Samsung,Galaxy M10 SM-M105F 2/16GB Black (SM-M105GDAG),Android,157,4268,4116,4516,6.22,16,3400,Mar-19
Samsung,Galaxy M10 SM-M105F 2/16GB Black (SM-M105GDAG),Android,107,4268,4116,4516,6.22,16,3400,Mar-19
Samsung,Galaxy M10 SM-M105F 3/32GB Black,Android,270,4100,,,6.22,32,3400,Mar-19
Samsung,Galaxy M10 SM-M105F 3/32GB Black,Android,258,4100,,,6.22,32,3400,Mar-19
Samsung,Galaxy M10 SM-M105F 3/32GB Blue,Android,64,4095,4090,4100,6.22,32,3400,Mar-19
Samsung,Galaxy M10S M107F 3/32GB Black,Android,145,4882,4650,4999,6.4,32,4000,Apr-20
Samsung,Galaxy M115 M11 3/32 Black (SM-M115FZKN),Android,1049,4171,3799,4677,6.4,32,5000,Apr-20
Samsung,Galaxy M21 4/64GB Black (SM-M215FZKU),Android,1204,5849,5228,6181,6.4,64,6000,Apr-20
Samsung,Galaxy M30 SM-M305F 4/64GB Gradation Blue,Android,443,6749,5950,7838,6.4,64,5000,May-19
Samsung,Galaxy M31 6/128GB Black (SM-M315FZKU),Android,1214,7196,6698,7571,6.4,128,6000,Feb-20
Samsung,Galaxy M31s 6/128GB Blue (SM-M317FZBN),Android,1184,8359,7429,9199,6.5,128,6000,Sep-20
Samsung,Galaxy M51 6/128GB Black (SM-M515FZKD),Android,1220,9620,8555,10394,6.7,128,7000,Sep-20
Samsung,Galaxy Note 10 SM-N9700 8/256GB Black (SM-N9700ZKD),Android,568,21353,20426,23273,6.3,256,3500,Aug-19
Samsung,Galaxy Note 10 SM-N9700 8/256GB White,Android,658,21852,18449,23719,6.3,256,3500,Sep-19
Samsung,Galaxy Note 10 SM-N970F 8/256GB Black (SM-N970FZKD),Android,1172,19940,16499,28940,6.3,256,3500,Aug-19
Samsung,Galaxy Note 10+ SM-N9750 12/256GB Aura Glow,Android,909,25252,22849,26748,6.8,256,4300,Aug-19
Samsung,Galaxy Note 10+ SM-N9750 12/512GB Black,Android,421,27124,,,6.8,512,4300,Sep-19
Samsung,Galaxy Note 10+ SM-N975F 12/256GB Black (SM-N975FZKD),Android,1113,23920,20651,31163,6.8,256,4300,Aug-19
Samsung,Galaxy Note 10+ SM-N975F 12/512GB Aura Black,Android,233,27973,25820,31545,6.8,512,4300,Sep-19
Samsung,Galaxy Note 8 64GB Gold,Android,744,9923,9250,10598,6.3,64,3300,Aug-17
Samsung,Galaxy Note 8 N950F Single sim 128GB Black,Android,184,18114,17695,18626,6.3,128,3300,Jun-18
Samsung,Galaxy Note 8 N950F Single sim 128GB Black,Android,217,18114,17695,18626,6.3,128,3300,Jun-18
Samsung,Galaxy Note 9 N960 6/128GB Metallic Copper,Android,889,14422,13890,15467,6.4,128,4000,Aug-18
Samsung,Galaxy Note 9 N960 8/512GB Lavender Purple,Android,164,20948,20469,21871,6.4,512,4000,Sep-18
Samsung,Galaxy Note 9 N960 8/512GB Lavender Purple,Android,123,20948,20469,21871,6.4,512,4000,Sep-18
Samsung,Galaxy Note 9 N960 8/512GB Lavender Purple,Android,114,20948,20469,21871,6.4,512,4000,Sep-18
Samsung,Galaxy Note 9 N960 8/512GB Metallic Copper,Android,813,16076,15090,21366,6.4,512,4000,Aug-18
Samsung,Galaxy Note 9 N960 8/512GB Midnight Black,Android,992,17585,15840,23770,6.4,512,4000,Aug-18
Samsung,Galaxy Note 9 N960 8/512GB Ocean Blue (SM-N960FZBH),Android,714,17540,15330,35999,6.4,512,4000,Aug-18
Samsung,Galaxy Note10 Lite SM-N770F Dual 6/128GB Black (SM-N770FZKD),Android,1182,11405,9756,13999,6.7,128,4500,Jan-20
Samsung,Galaxy Note10 Lite SM-N770F Dual 8/128GB Black (SM-N770FZKU),Android,915,12169,11699,13098,6.7,128,4500,Mar-20
Samsung,Galaxy Note20 5G N9810 8/256GB Mystic Gray,Android,956,21175,20290,22949,6.7,256,4300,Sep-20
Samsung,Galaxy Note20 5G SM-N981B 8/256GB Mystic Bronze,Android,730,21222,20230,28270,6.7,256,4300,Aug-20
Samsung,Galaxy Note20 SM-N980F 8/256GB Mystic Green (SM-N980FZGG),Android,1080,22670,18920,30778,6.7,256,4300,Aug-20
Samsung,Galaxy Note20 Ultra 5G SM-N9860 12/256GB Mystic Black,Android,1146,30008,28948,34505,6.9,256,4500,Sep-20
Samsung,Galaxy Note20 Ultra 5G SM-N986B 12/256GB Mystic Black,Android,1013,28896,27149,34640,6.9,256,4500,Aug-20
Samsung,Galaxy Note20 Ultra 5G SM-N986B 12/512GB Mystic Black (SM-N986BZKH),Android,800,39524,28381,41999,6.9,512,4500,Aug-20
Samsung,Galaxy Note20 Ultra SM-N985F 8/256GB Mystic Bronze (SM-N985FZNG),Android,1147,32669,27599,35999,6.9,256,4500,Aug-20
Samsung,Galaxy S10 Lite SM-G770 6/128GB Black (SM-G770FZKG),Android,1190,14079,12049,15469,6.7,128,4500,Jan-20
Samsung,Galaxy S10 Lite SM-G770 8/128GB Black,Android,1054,14654,13167,16476,6.7,128,4500,Mar-20
Samsung,Galaxy S10 SM-G973 DS 128GB Green (SM-G973FZGD),Android,1199,17561,14499,18999,6.1,128,3400,Feb-19
Samsung,Galaxy S10 SM-G973 DS 512GB Black,Android,198,21229,17900,23261,6.1,512,3400,Feb-19
Samsung,Galaxy S10 SM-G9730 DS 128GB Black,Android,861,19123,17999,20510,6.1,128,3400,Feb-19
Samsung,Galaxy S10+ SM-G975 DS 128GB Black (SM-G975FZKD),Android,1180,17860,13888,23218,6.4,128,4000,Feb-19
Samsung,Galaxy S10+ SM-G975 DS 1TB Black (SM-G975FCKH),Android,847,22932,20995,47292,6.4,1000,4000,Feb-19
Samsung,Galaxy S10+ SM-G975 DS 1TB Ceramic White (SM-G975FCWH),Android,795,23137,20995,47292,6.4,1000,4000,Feb-19
Samsung,Galaxy S10+ SM-G975 DS 512GB Black (SM-G975FCKG),Android,910,21304,18619,39999,6.4,512,4000,Feb-19
Samsung,Galaxy S10+ SM-G975 DS 512GB White (SM-G975FCWG),Android,828,19878,17970,33999,6.4,512,4000,Feb-19
Samsung,Galaxy S10+ SM-G975 SS 512GB White,Android,413,18739,,,6.4,512,4000,Feb-19
Samsung,Galaxy S10+ SM-G975 SS 512GB White,Android,403,18739,,,6.4,512,4000,Feb-19
Samsung,Galaxy S10+ SM-G9750 DS 128GB Black,Android,817,20044,19529,20999,6.4,128,4000,Feb-19
Samsung,Galaxy S10+ SM-G9750 DS 128GB Black,Android,815,20044,19529,20999,6.4,128,4000,Feb-19
Samsung,Galaxy S10+ SM-G9750 DS 1TB Black,Android,66,21454,20954,21954,6.4,1000,4000,Feb-19
Samsung,Galaxy S10e SM-G970 DS 128GB Black (SM-G970FZKD),Android,1122,16313,15483,17499,5.8,128,3100,Feb-19
Samsung,Galaxy S10e SM-G9700 DS 128GB Black,Android,499,12499,,,5.8,128,3100,Mar-19
Samsung,Galaxy S20 5G SM-G981 12/128GB Cosmic Gray,Android,1003,20699,,,6.2,128,4000,Jul-20
Samsung,Galaxy S20 5G SM-G9810 12/128GB Cloud Pink,Android,1034,22846,22130,24453,6.2,128,4000,May-20
Samsung,Galaxy S20 FE 5G SM-G7810 8/128GB Cloud Navy,Android,1181,17390,16810,18499,6.5,128,4500,Oct-20
Samsung,Galaxy S20 FE 5G SM-G7810 Dual 8/256GB Cloud Navy,Android,913,21157,20510,22116,6.5,256,4500,Jan-21
Samsung,Galaxy S20 FE 5G SM-G781B 6/128GB Cloud Red,Android,964,17332,16690,18017,6.5,128,4500,Dec-20
Samsung,Galaxy S20 FE 5G SM-G781B 8/128GB Cloud Red,Android,396,16980,,,6.5,128,4500,Jan-21
Samsung,Galaxy S20 FE SM-G780F 6/128GB Blue (SM-G780FZBD),Android,1197,17631,15280,21724,6.5,128,4500,Sep-20
Samsung,Galaxy S20 FE SM-G780F 6/256GB Cloud Navy,Android,439,20513,18999,22449,6.5,256,4500,Dec-20
Samsung,Galaxy S20 FE SM-G780F 8/128GB Cloud Navy,Android,899,16396,15650,18187,6.5,128,4500,Nov-20
Samsung,Galaxy S20 FE SM-G780F 8/256GB Blue (SM-G780FZBH),Android,982,19215,16967,23228,6.5,256,4500,Nov-20
Samsung,Galaxy S20 SM-G980 8/128GB Grey (SM-G980FZAD),Android,1210,21011,18129,29432,6.2,128,4000,Feb-20
Samsung,Galaxy S20 Ultra 5G SM-G9880 12/256GB Cosmic Gray,Android,933,29175,27238,31780,6.9,256,5000,May-20
Samsung,Galaxy S20 Ultra 5G SM-G988B 12/128GB Black,Android,984,27461,25999,34999,6.9,128,5000,May-20
Samsung,Galaxy S20 Ultra SM-G988 128GB Grey (SM-G988BZAD),Android,1114,32806,26080,42127,6.9,128,5000,Feb-20
Samsung,Galaxy S20+ 5G SM-G9860 12/128GB Cosmic Black,Android,1130,23302,22580,25183,6.9,128,4500,Apr-20
Samsung,Galaxy S20+ 5G SM-G9860 8/128GB Gray,Android,192,24843,24369,25318,6.7,128,4500,May-20
Samsung,Galaxy S20+ 5G SM-G9860 8/128GB Gray,Android,226,24843,24369,25318,6.7,128,4500,May-20
Samsung,Galaxy S20+ 5G SM-G986B 12/128GB Black,Android,321,21905,21150,22572,6.7,128,4500,Oct-20
Samsung,Galaxy S20+ 5G SM-G986F-DS 12/128GB Black,Android,1011,21326,20490,23321,6.7,128,4500,Feb-20
Samsung,Galaxy S20+ LTE SM-G985 Dual 8/128GB Black (SM-G985FZKD),Android,1070,24160,19424,27138,6.7,128,4500,Feb-20
Samsung,Galaxy S21 8/128GB Phantom Grey (SM-G991BZADSEK),Android,1175,26751,24059,27655,6.2,128,4000,Jan-21
Samsung,Galaxy S21 8/256GB Phantom Grey (SM-G991BZAGSEK),Android,1004,28876,27499,29210,6.2,256,4000,Jan-21
Samsung,Galaxy S21 Ultra 12/128GB Phantom Black (SM-G998BZKDSEK),Android,1104,37630,34899,40559,6.8,128,5000,Jan-21
Samsung,Galaxy S21 Ultra 12/256GB Phantom Black (SM-G998BZKGSEK),Android,1164,39620,36359,42127,6.8,256,5000,Jan-21
Samsung,Galaxy S21 Ultra 16/512GB Phantom Black (SM-G998BZKHSEK),Android,1136,42649,36899,43999,6.8,512,5000,Jan-21
Samsung,Galaxy S21+ 8/128GB Phantom Black (SM-G996BZKDSEK),Android,979,31574,29319,33601,6.7,128,4800,Jan-21
Samsung,Galaxy S21+ 8/256GB Phantom Black (SM-G996BZKGSEK),Android,1006,33443,30899,33999,6.7,256,4800,Jan-21
Samsung,Galaxy S7 G930F 32GB (Black),Android,824,5400,,,5.1,32,3000,Apr-16
Samsung,Galaxy S7 G930F 32GB (Gold),Android,685,7782,6896,8225,5.1,32,3000,Apr-16
Samsung,Galaxy S8 64GB Blue,Android,908,7864,7640,8089,5.8,64,3000,Mar-17
Samsung,Galaxy S8 G950F Single Sim 64GB Black,Android,886,7640,,,5.8,64,3000,Feb-18
Samsung,Galaxy S8+ 64GB Black (SM-G955FZKD),Android,871,10787,8299,12898,6.2,64,3500,Mar-17
Samsung,Galaxy S8+ SM-G955U 64GB Black,Android,664,8709,,,6.2,64,3500,Dec-20
Samsung,Galaxy S9 SM-G960 DS 128GB Black (SM-G960FZKG),Android,167,14990,,,5.8,128,3000,Feb-18
Samsung,Galaxy S9 SM-G960 DS 128GB Black (SM-G960FZKG),Android,126,14990,,,5.8,128,3000,Feb-18
Samsung,Galaxy S9 SM-G960 DS 128GB Black (SM-G960FZKG),Android,117,14990,,,5.8,128,3000,Feb-18
Samsung,Galaxy S9 SM-G960 DS 128GB Blue,Android,92,16798,13309,18370,5.8,128,3000,Feb-18
Samsung,Galaxy S9 SM-G960 DS 128GB Blue,Android,101,16798,13309,18370,5.8,128,3000,Feb-18
Samsung,Galaxy S9 SM-G960 DS 128GB Grey (SM-G960FZAG),Android,17,13720,,,5.8,128,3000,Feb-18
Samsung,Galaxy S9 SM-G960 DS 128GB Purple (SM-G960FZPG),Android,249,13537,12754,14367,5.8,128,3000,Feb-18
Samsung,Galaxy S9 SM-G960 DS 64GB Black (SM-G960FZKD),Android,1105,11207,9050,13880,5.8,64,3000,Feb-18
Samsung,Galaxy S9 SM-G960U1 128GB Purple,Android,426,12869,,,5.8,128,3000,Dec-20
Samsung,Galaxy S9+ SM-G965 DS 128GB Black,Android,376,13550,,,6.2,128,3500,Feb-18
Samsung,Galaxy S9+ SM-G965 DS 128GB Blue,Android,230,13436,12592,14703,6.2,128,3500,Feb-18
Samsung,Galaxy S9+ SM-G965 DS 128GB Grey,Android,285,13525,12870,14480,6.2,128,3500,Feb-18
Samsung,Galaxy S9+ SM-G965 DS 128GB Purple,Android,470,14502,12870,16135,6.2,128,3500,Feb-18
Samsung,Galaxy S9+ SM-G965 DS 256GB Black (SM-G965FZKH),Android,517,14532,13327,15499,6.2,256,3500,Feb-18
Samsung,Galaxy S9+ SM-G965 DS 64GB Black (SM-G965FZKD),Android,1135,13837,10048,17966,6.2,64,3500,Feb-18
Samsung,Galaxy Z Flip 5G SM-F707 8/256GB Mystic Bronze,Android,696,22434,21930,24530,6.7,256,3300,Oct-20
Samsung,Galaxy Z Flip SM-F700 8/256GB Mirror Purple (SM-F700FZPD),Android,1029,35015,24588,41999,6.7,256,3300,Feb-20
Samsung,Galaxy Z Fold2 12/256GB Mystic Black (SM-F916BZKQ),Android,1099,51460,44809,59999,7.6,256,4500,Aug-20
Prestigio,Grace A1 1281 Dual Sim Red (PFP1281DUORED),,207,460,399,599,2.8,0.032,950,Sep-17
LG,H791 Nexus 5X 32GB (Mint),Android,191,4189,,,5.2,32,2700,Sep-15
LG,H791 Nexus 5X 32GB (Mint),Android,225,4189,,,5.2,32,2700,Sep-15
LG,H990 V20 Dual 64GB (Black),Android,880,3299,,,5.7,64,3200,Nov-16
LG,H990 V20 Dual 64GB (Silver),Android,630,3299,,,5.7,64,3200,Nov-16
myPhone,Hammer Energy Black,Android,4,5600,,,5,16,5000,Jan-17
Lenovo,K10 Note 4/64GB Black,Android,960,4630,4377,5026,6.39,64,4050,Jun-20
Lenovo,K10 Note 6/128GB Louise Lake,Android,436,5249,,,6.39,128,4050,Aug-20
Oukitel,K12 6/64 Black,Android,504,5101,4999,5185,6.3,64,10000,Jul-19
Oukitel,K12 6/64 Black,Android,509,5101,4999,5185,6.3,64,10000,Jul-19
Oukitel,K13 4/64GB Black,Android,328,5039,4880,5299,6.41,64,11000,Mar-20
Oukitel,K13 4/64GB Black,Android,290,5039,4880,5299,6.41,64,11000,Mar-20
Oukitel,K13 4/64GB Pro Black,Android,506,5146,4982,5399,6.41,64,11000,Mar-20
Oukitel,K13 Pro Leather Black,Android,469,5331,4899,5631,6.41,64,11000,Mar-20
Lenovo,K5 Pro 4/64GB Black,Android,731,3786,3639,3933,5.99,64,4050,Feb-19
Oukitel,K9 4/64 Black,Android,467,5467,5199,5972,7.12,64,6000,Jul-19
BlackBerry,KEYone,Android,916,5674,5499,5849,4.5,32,3505,Sep-17
Cubot,King Kong CS,Android,115,2500,2399,2651,5,16,4400,Dec-20
Cubot,King Kong CS,Android,124,2500,2399,2651,5,16,4400,Dec-20
Cubot,King Kong CS,Android,165,2500,2399,2651,5,16,4400,Dec-20
Cubot,Kingkong mini 3/32GB Red,Android,811,3046,2889,3349,4,32,2000,Aug-20
Cubot,Kingkong mini 3/32GB Yellow,Android,749,3046,2889,3349,4,32,2000,Aug-20
Nokia,Lumia 925 (Black),WindowsPhone,199,2600,,,4.5,16,2000,Jul-13
Nokia,Lumia 925 (White),WindowsPhone,178,2600,,,4.5,16,2000,Jul-13
Nokia,Lumia 925 (White),WindowsPhone,214,2600,,,4.5,16,2000,Jul-13
KENEKSI,M1 Art (Red),,6,610,,,1.77,,650,Oct-15
Meizu,M10 2/32GB Black,Android,120,3190,2950,3499,6.5,32,4000,Oct-19
Meizu,M10 2/32GB Red,Android,232,3312,3099,3499,6.5,32,4000,Oct-19
Meizu,M10 3/32GB Black,Android,890,3325,2899,3705,6.5,32,4000,Oct-19
Meizu,M10 3/32GB Blue,Android,119,3608,3325,3899,6.5,32,4000,Oct-19
AGM,M2 Gold,,380,1491,1192,1767,2.4,,1970,Sep-19
AGM,M3 Black,,387,1484,1189,1881,2.4,,1970,Dec-19
AGM,M5 Black,Android,668,2840,2798,2907,2.8,8,2500,Mar-20
Meizu,M6 Note 3/16GB Black,Android,651,3281,3199,3363,5.5,16,4000,Nov-17
Meizu,M6T 2/16GB Black,Android,345,2765,2699,2899,5.7,16,3300,Jul-18
Meizu,M6T 3/32GB Blue,Android,305,2999,,,5.7,32,3300,Jul-18
Meizu,M6s 3/64GB Gold,,144,4200,,,5.7,64,3000,Jan-18
Meizu,M8 4/64GB Black,Android,786,3855,3549,4739,5.7,64,3100,Nov-18
Meizu,M8 4/64GB Blue,Android,482,3726,3549,4059,5.7,64,3100,Feb-19
DOOGEE,MIX 2 6/64GB Black,Android,169,3682,3636,3733,6,64,4060,Jan-18
Maxcom,MM111,,453,563,526,688,1.4,0.032,460,Dec-20
Maxcom,MM111,,458,563,526,688,1.4,0.032,460,Dec-20
Maxcom,MM135 Black-Blue,,48,335,289,398,1.77,,600,Aug-19
Maxcom,MM142 Black,,394,394,355,425,2.4,,1400,Aug-19
Maxcom,MM236 Black-Silver,,283,666,553,799,2.8,,950,May-18
Maxcom,MM320 Black,,242,921,843,999,3.2,,1000,Jun-20
Maxcom,MM320 Black,,239,921,843,999,3.2,,1000,Jun-20
Maxcom,MM426 Black,,747,528,501,560,1.77,0.032,600,Feb-20
Maxcom,MM471 White,,338,774,757,795,2.2,,1400,Aug-20
Maxcom,MM720 Black,,521,720,622,775,2.2,,800,May-18
Maxcom,MM817 Black,,414,747,699,795,2.4,,800,Jun-20
Maxcom,MM817 Black,,404,747,699,795,2.4,,800,Jun-20
HUAWEI,Mate 10 6/128GB Gold,Android,206,13733,,,5.9,128,4000,May-18
HUAWEI,Mate 10 6/256GB Porsche Design,Android,606,14257,13255,15675,6,256,4000,Mar-18
HUAWEI,Mate 20 DS 6/64GB Black,Android,566,13612,13255,13969,6.53,64,4000,Jan-19
HUAWEI,Mate RS Porsche Design 6/256GB Black,Android,785,13782,13499,13999,6,256,4000,Dec-20
HUAWEI,Mate Xs 8/512GB Interstellar blue (51095CSQ),Android,740,56082,49999,69999,,512,4500,Jul-20
Xiaomi,Mi 10 Lite 6/128GB Cosmic Grey,Android,926,11104,8649,13083,6.57,128,4160,Jun-20
Xiaomi,Mi 10 Lite 6/64GB Cosmic Grey,Android,1087,12456,,,6.57,64,4160,Jun-20
Xiaomi,Mi 10 Lite 8/256GB Dream White,Android,836,12055,11898,12498,6.57,256,4160,Jun-20
Xiaomi,Mi 10 Pro 8/256GB Gray,Android,1026,27999,,,6.67,256,4500,May-20
Xiaomi,Mi 10T 6/128GB Cosmic Black,Android,1154,12778,12077,14728,6.67,128,5000,Oct-20
Xiaomi,Mi 10T 8/128GB Cosmic Black,Android,1191,13236,12399,14538,6.67,128,5000,Oct-20
Xiaomi,Mi 10T Lite 6/128GB Pearl Gray,Android,1133,9502,8999,10089,6.67,128,4820,Oct-20
Xiaomi,Mi 10T Lite 6/64GB Pearl Gray,Android,1037,9039,8699,9299,6.67,64,4820,Oct-20
Xiaomi,Mi 10T Pro 8/128GB Cosmic Black,Android,1152,15767,14999,16720,6.67,128,5000,Oct-20
Xiaomi,Mi 10T Pro 8/256GB Cosmic Black,Android,1168,16756,15999,17538,6.67,256,5000,Oct-20
Xiaomi,Mi Max 2 4/64GB Black,Android,393,3989,,,6.44,64,5300,Jun-17
Xiaomi,Mi Note 10 Lite 6/64GB Purple,Android,558,8999,,,6.47,64,5260,May-20
Xiaomi,Mi5 3/32GB Gold,Android,511,4098,,,5.15,32,3000,Feb-16
Vernee,Mix 2 M2 4/64GB Black,Android,801,2786,2644,2934,6,64,4200,Aug-19
Vernee,Mix 2 M2 4/64GB Blue,Android,559,2865,2469,3089,6,64,4200,Oct-18
General,Mobile GM8 Space Gray,Android,228,2724,2249,3599,5.7,32,,Jul-18
Motorola,Moto C Plus XT1723 16GB Gold (PA800126UA),Android,75,2999,,,5,16,4000,Jul-17
Motorola,Moto E4 (XT1762) Metallic Iron Gray (PA750058UA),Android,153,2590,,,5,16,2800,Jun-17
Motorola,Moto E5 Plus XT1924-1 DualSim Black (PABA0014UA),Android,183,4090,,,6,32,5000,Aug-18
Motorola,Moto E5 XT1944 16GB black,Android,203,2590,,,5.7,16,4000,Aug-18
Motorola,Moto G5 2/16GB Gold (PA610071UA),Android,441,2243,,,5,16,2800,Mar-17
Motorola,Moto G5s (XT1794) Lunar Gray (PA7W0024UA),Android,431,3569,3549,3590,5.2,32,3000,Aug-17
Motorola,Moto G5s (XT1794) Lunar Gray (PA7W0024UA),Android,434,3569,3549,3590,5.2,32,3000,Aug-17
Motorola,Moto G5s XT1799 4/64GB Black (PA930008CN),Android,554,3569,3549,3590,5.2,64,3000,May-19
Motorola,Moto G5s XT1799 4/64GB Black (PA930008CN),Android,549,3569,3549,3590,5.2,64,3000,May-19
Motorola,Moto G6 Play XT1922-5 Dual Sim 32GB Indigo Blue,Android,147,3590,,,5.7,32,4000,Jun-18
Motorola,Moto G6 Plus XT1926 Dual Sim 64GB Indigo Blue,Android,385,6545,5490,7600,5.9,64,3200,Jun-18
Motorola,Moto G7 Play XT1952-2 Dual Sim 2/32GB Deep Indigo,Android,487,3494,3199,3790,5.7,32,3000,May-19
Motorola,Moto G7 Power XT1955-4 4/64GB Ceramic Black,Android,189,5790,,,6.2,64,5000,Aug-19
Motorola,Moto G7 Power XT1955-4 4/64GB Ceramic Black,Android,236,5790,,,6.2,64,5000,Aug-19
Motorola,Moto G8 4/64GB Blue (PAHL0004RS),Android,722,5084,4499,5415,6.4,64,4000,Aug-20
Motorola,Moto G8 4/64GB Blue (PAHL0004RS),Android,720,5084,4499,5415,6.4,64,4000,Aug-20
Motorola,Moto G8 4/64GB White (PAHL0010RS),Android,528,5105,4399,5415,6.4,64,4000,Aug-20
Motorola,Moto G8 4/64GB White (PAHL0010RS),Android,539,5105,4399,5415,6.4,64,4000,Aug-20
Motorola,Moto G8 Plus XT2019-1 4/64GB Dual Sim Cosmic Blue (PAGE0015RS),Android,1041,5573,5299,5799,6.3,64,4000,Nov-19
Motorola,Moto G9 Power 4/128GB Gray (PALR0020RS),Android,1149,5432,5299,5499,6.4,128,5000,Oct-20
Motorola,Moto M Grey (PA5D0075UA),Android,47,3490,,,5.5,32,3050,Mar-17
Motorola,Moto X (2nd. Gen) (Black) 16GB,Android,7,3490,,,5.2,16,2300,Sep-14
Motorola,Moto X Force (Black),Android,638,5294,4999,5590,5.4,32,3760,Apr-16
Motorola,Moto X4 3/32GB Black (PA8X0004UA),Android,170,5790,,,5.2,32,3000,Nov-17
Motorola,Moto Z 32GB Black (SM4389AE7U1),Android,174,4990,,,5.5,32,2600,Sep-16
Motorola,Moto Z 32GB Black (SM4389AE7U1),Android,210,4990,,,5.5,32,2600,Sep-16
Motorola,Moto Z 32GB Black (SM4389AE7U1),Android,223,4990,,,5.5,32,2600,Sep-16
Motorola,Moto Z 32GB White/Gold (SM4389AD1U1),Android,196,3796,3399,4990,5.5,32,2600,Sep-16
Motorola,Moto Z2 Force 6/64GB Black (PA900007UA),Android,808,7094,6999,7190,5.5,64,2730,Nov-17
Motorola,Moto Z2 Force SS 4/64GB Fine Gold,Android,703,5999,,,5.5,64,2730,Dec-20
Motorola,Moto Z2 Play Fine Gold (SM4482AJ1K7),Android,46,5244,4999,5490,5.5,64,3000,Jul-17
Motorola,Moto Z2 Play Lunar Grey (SM4482AC3K7),Android,322,5244,4999,5490,5.5,64,3000,Jul-17
Motorola,Moto Z3 Play 4/64GB Deep Indgo,Android,374,6590,6190,6990,6.01,64,3000,Jul-18
Motorola,Moto Z4 4/128GB Flash Gray,Android,503,11690,11490,11890,6.4,128,3600,Jul-19
Motorola,Moto Z4 4/128GB Flash Gray,Android,508,11690,11490,11890,6.4,128,3600,Jul-19
Bravis,N1-550 Cruiser Dual Sim Black,Android,35,2599,,,5.5,16,4500,Nov-18
Bravis,N1-550 Cruiser Dual Sim Black,Android,85,2599,,,5.5,16,4500,Nov-18
DOOGEE,N10 3/32GB Purple,Android,614,2299,,,5.84,32,3360,Nov-19
DOOGEE,N20 4/64GB Black,Android,875,2989,2835,3306,6.3,64,4350,Oct-19
DOOGEE,N20 Pro 6/128GB Green,Android,959,4722,3799,5299,6.3,128,4400,Sep-20
DOOGEE,N30 4/128GB Dreamy Blue,Android,672,3519,3244,3870,6.55,128,4500,Nov-20
DOOGEE,N30 4/128GB Dreamy Blue,Android,675,3519,3244,3870,6.55,128,4500,Nov-20
Samsung,N920C Galaxy Note 5 32GB (Gold Platinum),Android,31,5494,,,5.7,32,3000,Oct-15
Globex,Neon A1,,463,652,600,705,1.77,0.032,800,Jul-17
Globex,Neon A1,,456,652,600,705,1.77,0.032,800,Jul-17
Motorola,Nexus 6 32GB (Cloud White),Android,340,3895,,,5.3,32,3220,Jan-15
OnePlus,Nord 12/256GB Gray Onyx,Android,1096,12985,12670,13999,6.44,256,4115,Jul-20
OnePlus,Nord 8/128GB Gray Onyx,Android,1109,12069,11149,13479,6.44,128,4115,Jul-20
OnePlus,Nord N10 5G 6/128GB Midnight Ice,Android,1194,9795,7900,46617,6.49,128,4300,Dec-20
OnePlus,Nord N100 4/64GB Midnight Frost,Android,965,6112,5825,6999,6.52,64,5000,Nov-20
Cubot,Note 20 Pro 6/128GB Black,Android,962,3491,3349,3719,6.5,128,4200,Oct-20
Cubot,Note 20 Pro 8/128GB Black,Android,576,4494,,,6.5,128,4200,Jan-21
Ulefone,Note 7P 3/32GB Twilight,Android,28,2999,2749,3358,6.1,32,3500,Aug-19
Ulefone,Note 7P 3/32GB Twilight,Android,22,2999,2749,3358,6.1,32,3500,Aug-19
Ulefone,Note 8P 2/16GB Black,Android,312,2125,1860,2369,5.5,16,2700,Jul-20
Ulefone,Note 8P 2/16GB Midnight Green,Android,211,2148,1877,2369,5.5,16,2700,Jul-20
Ulefone,Note 8P 2/16GB Midnight Green,Android,175,2148,1877,2369,5.5,16,2700,Jul-20
Meizu,Note 9 4/64GB Black,Android,1167,4430,4069,5372,6.2,64,4000,May-19
HUAWEI,Nova 4 8/128GB Black,Android,81,9372,9172,9572,6.4,128,3750,Mar-19
ZTE,Nubia Z17 8/64GB Black,Android,220,8619,,,5.5,64,3200,Jan-18
ZTE,Nubia Z17 8/64GB Black,Android,187,8619,,,5.5,64,3200,Jan-18
Motorola,One Action 4/128GB XT2013-2 Blue,Android,839,4697,,,6.34,128,3500,Aug-19
Motorola,One Action 4/128GB XT2013-2 White,Android,855,4697,,,6.34,128,3500,Aug-19
Motorola,One Fusion 4/64GB Deep Sapphire Blue,Android,481,7190,,,6.5,64,5000,Sep-20
Motorola,One Fusion+ 6/128GB Blue (PAJW0006RS),Android,1148,7071,6999,7499,6.5,128,5000,Sep-20
Motorola,One Hyper XT2027-1 4/128GB Deep Sea Blue,Android,531,8261,7999,8590,6.5,128,4000,Mar-20
Motorola,One Macro XT2016-1 4/64GB Blue,Android,135,4550,,,6.2,64,4000,May-20
Motorola,One Power XT1942-1 4/64GB Dual Sim Black,Android,512,5290,,,6.2,64,5000,Mar-19
Motorola,One Vision 4/128GB Bronze,Android,382,7590,,,6.3,128,3500,Jun-19
Motorola,One Vision 4/128GB Sapphire Blue,Android,881,6643,5697,7590,6.3,128,3500,Jun-19
Motorola,One XT1941-4 4/64GB Dual Sim Black,Android,480,4490,,,5.9,64,3000,Dec-18
Motorola,One Zoom 4/128GB Grey,Android,759,9790,,,6.4,128,4000,Oct-19
Motorola,One Zoom 4/128GB Purple,Android,569,9790,,,6.4,128,4000,Jul-20
HUAWEI,P Smart 2020 4/128GB Emerald Green,Android,641,4681,4507,5055,6.21,128,3400,Sep-20
HUAWEI,P Smart Pro 6/128GB Midnight Black (51094UVB),Android,994,7199,6999,7399,6.59,128,4000,Nov-19
HUAWEI,P Smart S 4/128GB Breathing Crystal (51095HVM),Android,914,5802,5199,7077,6.3,128,4000,Jul-20
HUAWEI,P smart 2019 3/64GB Black (51093FSW),Android,825,4262,3845,4990,6.21,64,3400,Dec-18
HUAWEI,P smart 2021 4/128GB Midnight Black (51096ABV),Android,1038,5311,4787,6499,6.67,128,5000,Oct-20
HUAWEI,P smart Z 4/64GB Emerald Green (51093WVK),Android,1076,4989,4299,5499,6.59,64,4000,Jul-19
HUAWEI,P smart+ 4/64GB Black (51092TFB),Android,500,5380,,,6.3,64,3340,Aug-18
Cubot,P30 4/64GB Black,Android,495,3320,3069,3586,6.3,64,4000,Jun-20
HUAWEI,P30 6/128GB Black (51093NDK),Android,993,15464,14801,19999,6.1,128,3650,Mar-19
HUAWEI,P30 8/128GB Black,Android,711,14906,,,6.1,128,3650,May-19
HUAWEI,P30 Lite 4/128GB Breathing Crystal,Android,856,5821,5649,6095,6.15,128,3340,Sep-20
HUAWEI,P30 Lite 6/256GB Peacock Blue,Android,1000,6257,5932,6897,6.15,256,3340,Jul-20
HUAWEI,P30 Pro 6/128GB Black (51093TFT),Android,1056,16997,15650,18717,6.47,128,4200,Mar-19
HUAWEI,P30 Pro 8/128GB Aurora,Android,1079,16798,16199,17999,6.47,128,4200,Mar-19
HUAWEI,P30 Pro 8/256GB Black (51093NFN),Android,1089,15560,,,6.47,256,4200,Mar-19
HUAWEI,P30 Pro NEW EDITION 8/256GB Silver Frost,Android,1057,18484,17870,19599,6.47,256,4200,Jul-20
HUAWEI,P40 8/128GB Black (51095EHY),Android,1064,17155,14150,22999,6.1,128,3800,Mar-20
HUAWEI,P40 Pro 8/256GB Silver Frost (51095CAL),Android,1075,23465,22130,24999,6.58,256,4200,Mar-20
HUAWEI,P40 Pro+ 8/512GB Black Ceramic,EMUI,417,31656,30981,33089,6.58,512,4200,Oct-20
HUAWEI,P40 Pro+ 8/512GB Black Ceramic,EMUI,407,31656,30981,33089,6.58,512,4200,Oct-20
HUAWEI,P40 lite 6/128GB Crush Green (51095CJX),Android,1061,6789,5998,7999,6.4,128,4000,Mar-20
HUAWEI,P40 lite E 4/64GB Midnight Black (51095DCE),Android,1134,4243,3760,5999,6.39,64,4000,Mar-20
Smartex,P600 Black,Android,301,1699,,,5.5,16,4000,Jan-19
Smartex,P600 Gold,Android,326,1699,,,5.5,16,4000,Jan-19
S-TELL,P760 Black,Android,391,1799,,,5.5,16,4000,Mar-19
HUAWEI,P8 Prestige Gold,Android,241,3487,,,5.2,16,2680,Sep-15
HUAWEI,P8 Prestige Gold,Android,238,3487,,,5.2,16,2680,Sep-15
Tecno,POP 2F B1F 1/16GB Midnight Black (4895180746659),Android,794,1631,1479,1699,5.5,16,2400,Sep-19
Tecno,POP 3 BB2 1/16GB DS Sandstone Black (4895180751288),Android,468,1810,1629,1979,5.7,16,3500,Jul-20
Tecno,POP 4 BC2 2/32GB DS Ice Lake Green (4895180759420),Android,864,2236,2069,2299,6,32,5000,Aug-20
Google,Pixel 128GB (Quite Black),Android,520,6838,5199,9700,5,128,2770,Oct-16
Google,Pixel 2 128GB Just Black,Android,718,13014,6611,18186,5,128,2700,Oct-17
Google,Pixel 2 64GB Just Black,Android,895,6667,5386,8490,5,64,2700,Oct-17
Google,Pixel 2 XL 64GB Just Black,Android,1050,12909,5999,17421,6,64,3520,Oct-17
Google,Pixel 3 4/128GB Just Black,Android,713,13500,,,5.5,128,2915,Oct-18
Google,Pixel 3 4/64GB Just Black,Android,1077,10274,9499,11499,5.5,64,2915,Oct-18
Google,Pixel 3 XL 4/64GB Just Black,Android,1082,11238,8399,12999,6.3,64,3430,Oct-18
Google,Pixel 32GB (Quite Black),Android,588,4729,4699,4760,5,32,2770,Oct-16
Google,Pixel 3a 4/64GB Just Black,Android,867,10071,7900,11199,5.6,64,3000,May-19
Google,Pixel 3a XL 4/64GB Just Black,Android,510,11774,9577,12999,6,64,3700,May-19
Google,Pixel 4 6/64GB Just Black,Android,1065,17187,15944,19409,5.7,64,2800,Oct-19
Google,Pixel 4 XL 6/128GB Just Black,Android,734,25548,24763,26999,6.3,128,3700,Oct-19
Google,Pixel 4 XL 6/64GB Oh So Orange,Android,1019,19369,16600,22999,6.3,64,3700,Oct-19
Google,Pixel 4a 5G 6/128GB Just Black,Android,1202,15706,14899,17718,6.24,128,3885,Oct-20
Google,Pixel 4a 6/128GB Just Black,Android,1223,12106,11740,12999,5.81,128,3140,Aug-20
Google,Pixel 5 8/128GB Just Black,Android,1165,21879,21150,24999,6,128,4080,Oct-20
Google,Pixel XL 128GB (Quite Black),Android,452,5899,,,5.5,128,3450,Oct-16
Google,Pixel XL 128GB (Quite Black),Android,462,5899,,,5.5,128,3450,Oct-16
Xiaomi,Poco F2 Pro 6/128GB Electric Purple,Android,1150,12999,,,6.67,128,4700,May-20
Xiaomi,Poco M3 4/128GB Black,Android,1116,5372,4933,6005,6.53,128,6000,Nov-20
Xiaomi,Poco M3 4/64GB Black,Android,1217,4708,4270,5345,6.53,64,6000,Nov-20
Xiaomi,Poco X3 NFC 6/128GB Cobalt Blue,Android,1222,7152,6836,7999,6.67,128,5160,Sep-20
Xiaomi,Poco X3 NFC 6/64GB Cobalt Blue,Android,1211,6488,6169,7499,6.67,64,5160,Sep-20
Xiaomi,Pocophone F1 6/128GB Blue,Android,946,7231,6930,7999,6.18,128,4000,Aug-18
Tecno,Pop 4 Pro BC3 1/16GB Cosmic Shine,Android,639,2314,1999,2419,6.52,16,5000,Nov-20
Ulefone,Power 6 4/64GB Black,Android,572,4204,3519,4520,6.3,64,6350,Sep-19
Ulefone,Power 6 4/64GB Blue,Android,171,4335,4118,4780,6.3,64,6350,Sep-19
Ulefone,Power 6 4/64GB Red,Android,416,4211,3999,4520,6.3,64,6350,Oct-19
Ulefone,Power 6 4/64GB Red,Android,406,4211,3999,4520,6.3,64,6350,Oct-19
realme,Q 6/64GB Blue,Android,244,5957,,,6.3,64,4035,Mar-20
Cubot,Quest 4/64GB Black,Android,13,4099,,,5.5,64,4000,Feb-20
2E,R240 Dual Sim Black,,655,877,720,1089,2.4,0.032,2000,Oct-17
Motorola,RAZR 2019 XT200-1 Noir Black,Android,827,22713,21550,24999,6.4,128,2510,Apr-20
Motorola,RAZR 2019 XT2000-2 Noir Black,Android,972,22760,21550,28572,6.2,128,2510,Oct-20
ASUS,ROG Phone 3 Strix 12/128GB Black (90AI0031-M00010),Android,973,18618,17970,19999,6.59,128,6000,Sep-20
ASUS,ROG Phone 3 ZS661KS 12/128GB Black (90AI0032-M00180),Android,1140,18993,17589,20634,6.59,128,6000,Sep-20
ASUS,ROG Phone 3 ZS661KS 12/256GB Black,Android,1002,21964,21377,22400,6.59,256,6000,Sep-20
ASUS,ROG Phone 3 ZS661KS 12/512GB Black,Android,1088,28384,27299,29999,6.59,512,6000,Sep-20
ASUS,ROG Phone 8/512GB DualSim Black,Android,112,17510,,,6,512,4000,Dec-18
ASUS,ROG Phone 8/512GB DualSim Black,Android,121,17510,,,6,512,4000,Dec-18
ASUS,ROG Phone 8/512GB DualSim Black,Android,162,17510,,,6,512,4000,Dec-18
Xiaomi,Redmi 10x 4G 4/128GB Blue,Android,1102,5133,4649,5600,6.53,128,5020,Jun-20
Xiaomi,Redmi 10x 4G 6/128GB Blue,Android,966,5761,5569,5999,6.53,128,5020,Jun-20
Xiaomi,Redmi 4x 2/16GB Black,Android,580,2358,2353,2363,5,16,4100,Mar-17
Xiaomi,Redmi 4x 2/16GB Gold,Android,597,2358,2353,2363,5,16,4100,Mar-17
Xiaomi,Redmi 4x 4/64GB Black,Android,1093,2826,2775,2850,5,64,4100,Aug-17
Xiaomi,Redmi 4x 4/64GB Gold,Android,850,2826,2775,2850,5,64,4100,Jul-17
Xiaomi,Redmi 5 3/32GB Black,Android,636,2950,,,5.7,32,3300,Dec-17
Xiaomi,Redmi 5 3/32GB Gold,Android,743,3882,2940,4427,5.7,32,3300,Dec-17
Xiaomi,Redmi 5 Plus 4/64GB Black,Android,608,3463,3458,3469,5.9,64,4000,Dec-17
Xiaomi,Redmi 5 Plus 4/64GB Gold,Android,859,4265,3458,5349,5.9,64,4000,Dec-17
Xiaomi,Redmi 5A 2/16GB Gold,Android,715,2420,2150,2560,5,16,3080,Oct-17
Xiaomi,Redmi 5A 3/32GB Gold,Android,141,2400,2350,2450,5,32,3080,Apr-18
Xiaomi,Redmi 5A 3/32GB Gray,Android,358,2749,2350,3449,5,32,3080,Apr-18
Xiaomi,Redmi 5A 3/32GB Gray,Android,366,2749,2350,3449,5,32,3080,Apr-18
Xiaomi,Redmi 6 3/32GB Black,Android,878,2794,2670,2877,5.45,32,3000,Jul-18
Xiaomi,Redmi 6 3/32GB Gold,Android,758,2794,2670,2877,5.45,32,3000,Jun-18
Xiaomi,Redmi 6 3/64GB Black,Android,667,3054,,,5.45,64,3000,Oct-18
Xiaomi,Redmi 6 3/64GB Gold,Android,343,3193,3054,3333,5.45,64,3000,Oct-18
Xiaomi,Redmi 6 3/64GB Gold,Android,362,3193,3054,3333,5.45,64,3000,Oct-18
Xiaomi,Redmi 6 4/64GB Black,Android,760,3480,2995,4654,5.45,64,3000,Aug-18
Xiaomi,Redmi 6 Pro 3/32GB Black,Android,657,3317,3233,3402,5.84,32,4000,Jul-18
Xiaomi,Redmi 6 Pro 4/64GB Black,Android,733,3627,3550,3675,5.84,64,4000,Jul-18
Xiaomi,Redmi 7 4/64GB Blue,Android,176,3671,3539,3785,6.26,64,4000,Mar-19
Xiaomi,Redmi 7 4/64GB Blue,Android,212,3671,3539,3785,6.26,64,4000,Mar-19
Xiaomi,Redmi 7a 2/16GB Black,Android,435,3248,,,5.45,16,4000,Jul-19
Xiaomi,Redmi 7a 3/32GB Black,Android,999,3468,3248,3762,5.45,32,4000,Jul-19
Xiaomi,Redmi 8 3/32GB Black,Android,1007,3559,3480,3599,6.22,32,5000,Oct-19
Xiaomi,Redmi 8 4/64GB Blue,Android,1188,3840,3449,4286,6.22,64,5000,Oct-19
Xiaomi,Redmi 8A 3/32GB Black,Android,866,3219,,,6.22,32,5000,Mar-20
Xiaomi,Redmi 8A 4/64GB Black,Android,1158,3503,3315,3950,6.22,64,5000,Apr-20
Xiaomi,Redmi 9 3/32GB Grey NFC,Android,1151,4047,3795,4854,6.53,32,5020,Jun-20
Xiaomi,Redmi 9 3/32GB Purple no NFC,Android,654,4099,3733,4840,6.53,32,5020,Nov-20
Xiaomi,Redmi 9 4/128GB Blue (no NFC),Android,367,4960,4690,5588,6.53,128,5020,Oct-20
Xiaomi,Redmi 9 4/128GB Blue (no NFC),Android,359,4960,4690,5588,6.53,128,5020,Oct-20
Xiaomi,Redmi 9 4/128GB Green (no NFC),Android,263,4822,4740,4929,6.53,128,5020,Oct-20
Xiaomi,Redmi 9 4/128GB Green (no NFC),Android,275,4822,4740,4929,6.53,128,5020,Oct-20
Xiaomi,Redmi 9 4/128GB Grey (no NFC),Android,615,4861,4638,5238,6.53,128,5020,Oct-20
Xiaomi,Redmi 9 4/128GB Pink (no NFC),Android,748,4846,4690,5029,6.53,128,5020,Oct-20
Xiaomi,Redmi 9 4/64GB Grey NFC,Android,1206,4492,4295,5254,6.53,64,5020,Jun-20
Xiaomi,Redmi 9 4/64Gb Pink (no NFC),Android,976,4316,4077,4745,6.53,64,5020,Nov-20
Xiaomi,Redmi 9 6/128GB Grey (no NFC),Android,1015,5179,4740,5663,6.53,128,5020,Oct-20
Xiaomi,Redmi 9A 2/32GB Granite Gray,Android,1142,3163,2898,4155,6.53,32,5000,Jul-20
Xiaomi,Redmi 9C 2/32GB Midnight Gray,Android,934,3490,3293,4302,6.53,32,5000,Aug-20
Xiaomi,Redmi 9C 3/64GB Midnight Gray,Android,1123,3778,3697,4499,6.53,64,5000,Aug-20
Xiaomi,Redmi 9C NFC 2/32GB Midnight Gray,Android,863,3484,3199,3809,6.53,32,5000,Aug-20
Xiaomi,Redmi 9C NFC 3/64GB Midnight Gray,Android,796,4256,3599,4920,6.53,64,5000,Aug-20
Xiaomi,Redmi 9T 4/128GB Twilight Blue,Android,1107,6064,5847,6600,6.53,128,6000,Jan-21
Xiaomi,Redmi 9T 4/64GB Sunrise Orange,Android,544,5495,,,6.53,64,6000,Jan-21
Xiaomi,Redmi K30 6/128GB Purple,Android,582,8000,7850,8200,6.67,128,4500,May-20
Xiaomi,Redmi K30 8/128GB Purple,Android,1138,7725,7350,8499,6.67,128,4500,May-20
Xiaomi,Redmi K30 8/256GB Red,Android,699,8577,8220,9214,6.67,256,4500,May-20
Xiaomi,Redmi K30 Pro 6/128GB White,Android,963,14108,,,6.67,128,4700,May-20
Xiaomi,Redmi Note 4 3/32GB (Gray),Android,669,2819,,,5.5,32,4100,Nov-16
Xiaomi,Redmi Note 4 3/64GB (Gold),Android,255,2931,,,5.5,64,4100,Sep-16
Xiaomi,Redmi Note 4 3/64GB (Gold),Android,267,2931,,,5.5,64,4100,Sep-16
Xiaomi,Redmi Note 4x 3/32GB Black,Android,945,2675,2560,2789,5.5,32,4100,Feb-17
Xiaomi,Redmi Note 4x 4/64GB Black,Android,1127,2809,2730,2889,5.5,64,4100,May-17
Xiaomi,Redmi Note 4x 4/64GB Gold,Android,781,2809,2730,2889,5.5,64,4100,May-17
Xiaomi,Redmi Note 5 3/32GB Black,Android,937,3320,3316,3325,5.9,32,4000,May-18
Xiaomi,Redmi Note 5 3/32GB Gold,Android,717,3671,3260,4779,5.9,32,4000,May-18
Xiaomi,Redmi Note 5 3/32GB Rose Gold,Android,347,3595,3377,3814,5.9,32,4000,May-18
Xiaomi,Redmi Note 5 4/64GB Gold,Android,1120,3451,2999,3639,5.99,64,4000,May-18
Xiaomi,Redmi Note 6 Pro 3/32GB Blue,Android,514,3599,,,6.26,32,4000,Oct-18
Xiaomi,Redmi Note 6 Pro 4/64GB Blue,Android,420,5010,4873,5147,6.26,64,4000,Oct-18
Xiaomi,Redmi Note 6 Pro 4/64GB Rose Gold,Android,392,5010,4873,5147,6.26,64,4000,Oct-18
Xiaomi,Redmi Note 7 4/64GB Black,Android,1068,4323,4250,4459,6.3,64,4000,Jan-19
Xiaomi,Redmi Note 8 3/32GB Blue,Android,971,4304,4299,4309,6.3,32,4000,Nov-19
Xiaomi,Redmi Note 8 4/128GB Black,Android,912,5261,4999,5701,6.3,128,4000,Oct-19
Xiaomi,Redmi Note 8 4/64GB Blue,Android,1171,4888,4499,5275,6.3,64,4000,Sep-19
Xiaomi,Redmi Note 8 6/128GB Blue,Android,967,5514,5260,5990,6.3,128,4000,Sep-19
Xiaomi,Redmi Note 8 6/64GB White,Android,771,5164,4999,5329,6.3,64,4000,Aug-20
Xiaomi,Redmi Note 8 Pro 6/128GB Green,Android,1125,6811,6435,7264,6.53,128,4500,Sep-19
Xiaomi,Redmi Note 8 Pro 6/64GB Green,Android,1193,6164,5699,6600,6.53,64,4500,Sep-19
Xiaomi,Redmi Note 8 Pro 8/128GB White,Android,891,6630,,,6.53,128,4500,May-20
Xiaomi,Redmi Note 8T 3/32GB Grey,Android,607,6600,,,6.3,32,4000,Nov-19
Xiaomi,Redmi Note 8T 4/64GB Grey,Android,1141,4899,,,6.3,64,4000,Nov-19
Xiaomi,Redmi Note 9 3/64GB Grey (no NFC),Android,465,4834,4773,4895,6.53,64,5020,Jul-20
Xiaomi,Redmi Note 9 3/64GB Grey NFC,Android,1170,5085,4649,6099,6.53,64,5020,May-20
Xiaomi,Redmi Note 9 4/128GB Grey NFC,Android,1200,5648,5399,6353,6.53,128,5020,May-20
Xiaomi,Redmi Note 9 4/128GB White (no NFC),Android,646,5210,5104,5489,6.53,128,5020,Jul-20
Xiaomi,Redmi Note 9 Pro 4/64GB Interstellar Grey,Android,757,7014,6999,7030,6.67,64,5020,Nov-20
Xiaomi,Redmi Note 9 Pro 6/128GB Grey,Android,1219,7427,7025,7999,6.67,128,5020,May-20
Xiaomi,Redmi Note 9 Pro 6/64GB Green,Android,1201,6820,6395,7204,6.67,64,5020,May-20
Xiaomi,Redmi Note 9S 4/64GB Grey,Android,1196,5754,5295,6555,6.67,64,5020,Apr-20
Xiaomi,Redmi Note 9S 6/128GB Grey,Android,1137,6576,6232,7239,6.67,128,5020,Apr-20
Xiaomi,Redmi Note 9T 4/128GB Nightfall Black,Android,763,8442,7780,8999,6.53,128,5000,Jan-21
Xiaomi,Redmi Note 9T 4/64GB Daybreak Purple,Android,958,7682,6999,8499,6.53,64,5000,Jan-21
OPPO,Reno 4 Lite 8/128GB Magic Blue,Android,991,10221,8668,12760,6.43,128,4025,Sep-20
OPPO,Reno 4 Pro 8/256GB Starry Night,Android,1020,15361,13399,18478,6.5,256,4000,Sep-20
OPPO,Reno 6/256GB Ocean Green,Android,751,10341,9929,10699,6.4,256,3765,Apr-20
OPPO,Reno2 8/256GB Ocean Blue,Android,1060,12535,12020,13036,6.5,256,4000,Dec-19
OPPO,Reno2 Z 8/128GB Black,Android,974,8450,8120,8999,6.5,128,4000,Dec-19
OPPO,Reno4 Z 5G 8/128GB Black,Android,349,10974,10750,11369,6.57,128,4000,Oct-20
Land,Rover Tank T3 KUH Black,,698,1382,1381,1383,2.4,,15800,Jun-20
Ulefone,S1 1/8GB Black,Android,34,1697,1594,1799,5.5,8,3000,Nov-18
Ulefone,S1 1/8GB Black,Android,84,1697,1594,1799,5.5,8,3000,Nov-18
Bluboo,S1 Black,Android,58,3032,3015,3050,5.5,64,3500,Oct-17
S-TELL,S1-07 Black,,76,299,,,1.8,,1000,Jun-17
S-TELL,S1-07 Gold,,1,299,,,1.8,,1000,Jun-17
2E,S180 DualSim Red,,201,273,259,329,1.77,0.032,600,Sep-18
Rezone,S240 Age Black Orange,,451,499,,,2.4,,800,Sep-19
Rezone,S240 Age Black Orange,,461,499,,,2.4,,800,Sep-19
Philips,S260 Black,Android,643,1499,,,5.45,8,2000,Dec-19
CAT,S31 Black,Android,591,6718,6199,8668,4.7,16,4000,Feb-18
DOOGEE,S40 3/32GB Black,Android,924,2939,2740,3699,5.5,32,4650,Aug-19
DOOGEE,S40 Lite 2/16GB Black,Android,288,2707,2199,3029,5.5,16,4650,Aug-20
DOOGEE,S40 Lite 2/16GB Black,Android,300,2707,2199,3029,5.5,16,4650,Aug-20
DOOGEE,S40 Lite 2/16GB Black,Android,324,2707,2199,3029,5.5,16,4650,Aug-20
DOOGEE,S40 Pro 4/64GB Black,Android,552,3590,3269,3795,5.45,64,4650,Nov-20
DOOGEE,S40 Pro 4/64GB Black,Android,557,3590,3269,3795,5.45,64,4650,Nov-20
CAT,S42 Dual Black,Android,631,9148,8800,9699,5.5,32,4200,Sep-20
Lenovo,S5 4/64GB Pink,Android,498,3245,3230,3260,5.7,64,3000,Jul-19
Lenovo,S5 Pro 6/64GB Black,Android,727,4183,4149,4218,6.2,64,3500,Mar-19
Lenovo,S5 Pro 6/64Gb Blue,Android,432,3849,,,6.2,64,3500,Aug-19
Lenovo,S5 Pro 6/64Gb Gold,Android,586,3957,3799,4149,6.2,64,3500,Aug-19
CAT,S52,Android,784,13259,11190,17896,5.65,64,3100,Nov-19
DOOGEE,S55 4/64GB Black,Android,647,3527,3370,3689,5.5,64,5500,Feb-19
Philips,S561 3/32GB Black,Android,862,2872,2699,2908,5.45,32,4000,Jan-20
DOOGEE,S58 Pro 6/64GB Black,Android,986,4998,4270,5999,5.71,64,5180,Sep-20
CAT,S60,Android,809,10977,10537,11628,4.7,32,3800,Aug-16
DOOGEE,S60 Lite 4/32GB Black,Android,297,3789,3549,4161,5.2,32,5580,May-18
DOOGEE,S60 Lite 4/32GB Black,Android,336,3789,3549,4161,5.2,32,5580,May-18
CAT,S61 Black,Android,777,25649,18730,31317,5.2,64,4500,Aug-18
CAT,S62 Pro,Android,1051,19229,18750,20698,5.7,128,4000,Sep-20
DOOGEE,S68 Pro 6/128GB Black,Android,848,6680,5410,8699,5.9,128,6300,Jan-20
DOOGEE,S88 Pro 6/128GB Black,Android,1053,6514,5439,7299,6.3,128,10000,Aug-20
DOOGEE,S90C 4/128GB Black,Android,476,5612,4899,6128,6.18,128,5050,Aug-20
DOOGEE,S90C 4/64GB Black,Android,89,5299,,,6.18,64,5050,Dec-19
DOOGEE,S90C 4/64GB Black,Android,39,5299,,,6.18,64,5050,Dec-19
DOOGEE,S90C 4/64GB Black,Android,98,5299,,,6.18,64,5050,Dec-19
DOOGEE,S90C 4/64GB GIFT Orange,Android,68,8071,5649,9418,6.18,64,5050,Apr-20
DOOGEE,S95 Pro 8/128GB Black,Android,955,8904,8599,9499,6.3,128,5150,Feb-20
DOOGEE,S95 Pro 8/256GB Mineral Black,Android,445,9430,9249,9649,6.3,256,5150,Jul-20
DOOGEE,S96 Pro 8/128GB Black,Android,534,7791,7599,8237,6.22,128,6350,Jan-21
DOOGEE,S96 Pro 8/128GB Green,Android,139,7842,7599,8237,6.22,128,6350,Jan-21
DOOGEE,S96 Pro 8/128GB Orange,Android,438,7903,7679,8237,6.22,128,6350,Jan-21
MAFAM,SUN6 Blue,,282,899,,,3,,18800,Dec-19
Archos,Sense 55DC 16GB Black,Android,51,1799,,,5.5,16,3000,Jun-18
Archos,Sense 55DC 16GB Gold,Android,99,2299,,,5.5,16,3000,Mar-18
Archos,Sense 55DC 16GB Gold,Android,40,2299,,,5.5,16,3000,Mar-18
Archos,Sense 55DC 16GB Gold,Android,90,2299,,,5.5,16,3000,Mar-18
Archos,Sense 55S 16GB Black,Android,72,2775,2222,2899,5.5,16,3000,Mar-18
Assistant,Shine AS-5435 Blue,Android,60,1599,,,5,16,2000,Jun-17
Jinga,Simple F200n Black,,292,249,,,1.77,0.032,600,Feb-20
Jinga,Simple F200n Black,,331,249,,,1.77,0.032,600,Feb-20
Vodafone,Smart Ultra Dark Gray,Android,593,2142,1785,2499,5.5,16,2960,Jan-17
Tecno,Spark 4 KC2 3/32GB Royal Purple,Android,57,2999,,,6.52,32,4000,Nov-19
Tecno,Spark 4 Lite 2/32GB Midnight Black (4895180754593),Android,656,2321,2111,2599,6.52,32,4000,May-20
Tecno,Spark 5 Pro KD7 4/128GB DS Spark Orange,Android,1058,3762,3333,3999,6.6,128,5000,Jul-20
Tecno,Spark 5 Pro KD7 4/64GB DS Spark Orange,Android,1074,3583,3177,3799,6.6,64,5000,Jul-20
Tecno,Spark 6 Go KE5 2/32GB Aqua Blue (4895180762383),Android,837,2769,2497,2899,6.52,32,5000,Oct-20
Tecno,Spark 6 Go KE5j 3/64GB Aqua Blue (4895180762918),Android,799,3193,2899,3399,6.52,64,5000,Nov-20
Tecno,Spark 6 KE7 4/128GB Comet Black (4895180762079),Android,1005,4129,3740,4399,6.8,128,5000,Nov-20
Tecno,Spark 6 KE7 4/64GB Ocean Blue (4895180762024),Android,983,3750,3399,3999,6.8,64,5000,Nov-20
Microsoft,Surface Duo 6GB/256GB (TGM-00001),Android,501,44232,42999,46879,8.1,256,3577,Jan-21
iOutdoor,T1 Yellow,,86,1048,1048,1049,2.4,0.032,2100,Apr-20
iOutdoor,T1 Yellow,,36,1048,1048,1049,2.4,0.032,2100,Apr-20
Vernee,T3 Pro 3/16GB Black,Android,649,1949,,,5.5,16,4080,Dec-18
Vernee,T3 Pro 3/16GB Black,Android,648,1949,,,5.5,16,4080,Dec-18
Tecno,T301 Black (4895180743320),,707,294,260,344,1.77,,1150,Dec-19
Tecno,T372 TripleSIM Black (4895180746833),,949,366,325,410,2.4,,1150,Dec-19
Tecno,T454 Champagne Gold (4895180745980),,428,536,449,649,2.8,,1500,Dec-20
Tecno,T474 Blue (4895180748004),,547,614,517,739,2.8,,1900,Dec-20
Elephone,U 6/128GB Black,Android,518,5095,4897,5400,5.99,128,3620,Nov-19
HTC,U11 4/64GB Black 99HAMB075-00,Android,682,5649,5399,5899,5.5,64,3000,Jun-17
HTC,U11 4/64GB White,Android,20,5899,,,5.5,64,3000,Jun-17
HTC,U20 5G 8/256GB White,Android,579,19649,18895,20999,6.8,256,5000,Nov-20
Elephone,U3H 8/256GB Black,Android,372,6615,6499,6726,6.53,256,3500,Jun-20
Elephone,U3H 8/256GB Black,Android,354,6615,6499,6726,6.53,256,3500,Jun-20
Honor,V10 6/128GB Dual Beach Gold,Android,231,6980,,,5.9,128,3750,Jan-18
Viaan,V182 Black,,19,249,239,259,1.8,0.032,600,Sep-17
vivo,V20 8/128GB Midnight Jazz,Android,894,11632,10420,11999,6.44,128,4000,Oct-20
vivo,V20 8/128GB Sunset Melody,Android,935,11360,10499,11999,6.44,128,4000,Oct-20
vivo,V20 SE 8/128GB Gravity Black,Android,684,8762,7869,8999,6.44,128,4100,Oct-20
Viaan,V241 (Black),,5,326,222,373,2.4,0.032,1000,Sep-16
Viaan,V281 Black,,264,400,299,505,2.8,0.032,1450,Apr-17
Viaan,V281 Black,,276,400,299,505,2.8,0.032,1450,Apr-17
LG,V40 ThinQ 4/64GB Aurora Black,Android,919,6874,6699,7049,6.4,128,3300,Nov-19
LG,V50 ThinQ 5G 6/128GB Single Sim Black,Android,1081,9798,9299,10099,6.4,128,4000,Oct-19
LG,V50S ThinQ 5G 8/256GB Aurora Black,Android,1100,10499,9999,10999,6.4,256,4000,May-20
Honor,V9 6/64GB Red,Android,344,6186,6102,6270,5.7,64,4000,Oct-18
Honor,V9 6/64GB Red,Android,363,6186,6102,6270,5.7,64,4000,Oct-18
LG,Velvet 5G LM-G900EM 6/128GB Aurora Gray,Android,779,15525,15169,16016,6.8,128,4300,Dec-20
Oukitel,WP1 4/64GB Black,Android,9,3404,3299,3509,5.5,64,5000,Feb-19
Oukitel,WP2 4/64GB Black,Android,681,4449,4390,4549,6,64,10000,Feb-19
Oukitel,WP2 4/64GB Gold,Android,33,4433,4360,4539,6,64,10000,Feb-19
Oukitel,WP5 3/32GB Black,Android,728,3149,2999,3449,5.5,32,8000,Apr-20
Oukitel,WP5 Pro 4/64GB Black,Android,969,3813,3719,3949,5.5,64,8000,Aug-20
Oukitel,WP6 4/128GB Black,Android,1085,5231,4960,5759,6.3,128,10000,Sep-20
Oukitel,WP6 6/128GB Black,Android,939,6628,6365,7040,6.3,128,10000,Jun-20
Oukitel,WP7 8/128GB Black,Android,932,9981,9072,12179,6.53,128,8000,Jun-20
Oukitel,WP8 Pro 4/64GB Black,Android,820,4897,3810,13499,6.49,64,5000,Nov-20
Vernee,X 4/64GB Black,Android,766,2823,2797,2850,6,64,6200,Oct-18
Samsung,X Cover 4s G398F (SM-G398FZKD),Android,944,7130,5630,7499,5,32,2800,Aug-19
LG,X Screen 16GB Single K500n White,Android,348,2749,2699,2799,4.93,16,2300,Oct-19
Sigma mobile,X-STYLE 241 SNAP Black,,690,647,631,649,2.4,,800,Jan-21
Sigma mobile,X-TREME IO93,,454,950,899,999,2.4,0.032,2500,Dec-20
Sigma mobile,X-TREME IO93,,459,950,899,999,2.4,0.032,2500,Dec-20
Sigma mobile,X-TREME PQ39 ULTRA Black,Android,723,9323,7999,9555,5.5,128,9000,Nov-20
Sigma mobile,X-TREME PQ39 ULTRA Black-Green,Android,485,9348,8070,9555,5.5,128,9000,Nov-20
Sigma mobile,X-TREME PQ54 MAX,Android,903,6883,5999,7408,5.7,64,6500,Nov-20
Sigma mobile,X-style 17 Update Black,,317,311,279,349,1.77,,1000,Feb-20
Sigma mobile,X-style 18 TRACK Black,,483,328,299,368,1.77,,1000,Feb-20
Sigma mobile,X-style 24 ONYX Grey,,493,730,599,844,2.4,,800,Jul-19
Sigma mobile,X-style 31 Power Black,,830,684,598,711,2.8,,3100,Jan-18
Sigma mobile,X-style 31 Power Blue,,149,687,598,711,2.8,,3100,Jan-18
Sigma mobile,X-style 31 Power Orange,,400,682,599,711,2.8,,3100,Aug-20
Sigma mobile,X-style 31 Power Orange,,410,682,599,711,2.8,,3100,Aug-20
Sigma mobile,X-style 31 Power Yellow,,277,680,599,711,2.8,,3100,Aug-20
Sigma mobile,X-style 32 Boombox Black,,541,815,699,856,2.4,,3200,Dec-17
Sigma mobile,X-style 32 Boombox Red,,320,819,699,856,2.4,,3200,Dec-17
Sigma mobile,X-style 33 Steel Grey,,584,879,752,899,2.8,,1000,Feb-18
Sigma mobile,X-style 33 Steel Red,,286,818,699,899,2.8,,1000,Feb-18
Sigma mobile,X-style 34NRG Black,,496,570,499,605,2.4,,4050,Nov-19
Sigma mobile,X-style 34NRG Blue,,491,569,499,605,2.4,,4050,Nov-19
Sigma mobile,X-style 36 Point Black,,776,705,599,725,3.2,,2500,Aug-20
Sigma mobile,X-style S3500 sKai Black,KAIOS,832,1036,899,1059,2.4,4,2000,Sep-19
Sigma mobile,X-treme DT68 black,,516,1206,959,1244,2.4,,2100,Mar-18
Sigma mobile,X-treme DT68 black-red,,41,1225,1199,1244,2.4,,2100,Mar-18
Sigma mobile,X-treme DZ68 Black,,136,2066,2050,2099,2.4,0.0032,4500,Oct-18
Sigma mobile,X-treme DZ68 Black-yellow,,289,2049,1999,2099,2.4,0.0032,4500,Oct-18
Sigma mobile,X-treme DZ68 Black-yellow,,327,2049,1999,2099,2.4,0.0032,4500,Oct-18
Sigma mobile,X-treme IT67m black-orange,,598,1067,1060,1070,2.2,,1700,Jun-19
Sigma mobile,X-treme PQ20 Black,Android,822,2552,2199,3399,5,8,5000,Aug-19
Sigma mobile,X-treme PQ20 Black Orange,Android,360,2546,2280,3399,5,8,5000,Aug-19
Sigma mobile,X-treme PQ20 Black Orange,Android,368,2546,2280,3399,5,8,5000,Aug-19
Sigma mobile,X-treme PQ24 Black,Android,154,2999,,,5,8,5000,Jan-17
Sigma mobile,X-treme PQ24 Black/Orange,Android,3,2999,,,5,8,5000,Jan-17
Sigma mobile,X-treme PQ29 Black,Android,237,4175,3999,4486,5,16,5000,Apr-19
Sigma mobile,X-treme PQ29 Black-Orange,Android,371,4074,3680,4455,5,16,5000,Apr-19
Sigma mobile,X-treme PQ29 Black-Orange,Android,353,4074,3680,4455,5,16,5000,Apr-19
Sigma mobile,X-treme PQ36 Black,Android,812,4606,4399,4777,5.45,32,5000,Apr-20
Sigma mobile,X-treme PQ36 Orange,Android,618,4671,4180,4777,5.45,32,5000,Apr-20
Sigma mobile,X-treme PQ39 Black,Android,247,7399,,,5.5,32,9000,Mar-18
Sigma mobile,X-treme PQ52 Black-Orange,Android,42,3999,3599,4399,5,32,3000,Feb-18
Sigma mobile,X-treme PQ53 Black,Android,182,4983,4077,5199,5.7,16,5000,Oct-18
Sigma mobile,X-treme PQ54 Black (4827798865712),Android,67,6603,6388,6799,5.7,32,6500,Dec-18
Sigma mobile,X-treme PT68 Black,,306,1558,1357,1599,2.4,,4400,Jul-18
Sigma mobile,X-treme ST68 Black,,737,1399,1230,1444,2.8,,2600,Feb-19
Sigma mobile,X-treme ST68 black-yellow,,278,1405,1230,1444,2.8,,2600,Feb-19
Cubot,X19 4/64GB Black,Android,78,3016,2993,3048,5.93,64,4000,Aug-20
realme,X2 Pro 8/128GB Lunar White,Android,868,10999,,,6.5,128,4000,Mar-20
Cubot,X20 Pro 6/128GB Black,Android,315,4265,4160,4370,6.3,128,4000,Jun-20
AGM,X3 6/64GB Black,Android,831,11278,9999,12376,5.99,64,4100,Nov-19
AGM,X3 8/64GB Black,Android,213,15048,,,5.99,64,4100,Jun-20
AGM,X3 8/64GB Black,Android,177,15048,,,5.99,64,4100,Jun-20
realme,X50 5G 6/128GB Jungle Green,Android,679,9049,8999,9099,6.57,128,4200,Oct-20
vivo,X50 8/128GB Frost Blue,Android,829,15507,13849,17289,6.56,128,4315,Jul-20
vivo,X50 8/128GB Graze Black,Android,892,15505,13849,17289,6.56,128,4315,Jul-20
realme,X50 Pro 5G 8/128GB Green,Android,513,14659,,,6.44,128,4200,Jun-20
realme,X50 Pro 5G 8/256GB Rust Red,Android,902,14785,14430,15239,6.44,256,4200,Jan-21
vivo,X50 Pro 8/256GB Alpha Grey,Android,981,24519,22099,26879,6.56,256,4315,Jul-20
DOOGEE,X60L Matte Black (6924351653118),Android,16,2200,2149,2251,5.5,16,3300,Apr-18
Nokia,X7 Dual Sim 6/128GB Black,Android,250,7515,7357,7757,6.18,128,3500,Oct-19
Nokia,X7 Dual Sim 6/64GB Black,Android,652,6916,6333,7524,6.18,64,3500,Aug-19
DOOGEE,X90 1/16GB Black,Android,725,1844,1333,2089,6.1,16,3400,May-19
DOOGEE,X90 1/16GB Blue,Android,479,1967,1779,2089,6.1,16,3400,May-19
DOOGEE,X90 1/16GB Gold,Android,30,1949,1775,2249,6.1,16,3400,May-19
DOOGEE,X90 1/16GB Gold,Android,24,1949,1775,2249,6.1,16,3400,May-19
DOOGEE,X90L 3/16GB Green,Android,311,2399,,,6.1,16,3400,May-19
DOOGEE,X90L 3/16GB Purple,Android,130,2399,,,6.1,16,3400,May-19
DOOGEE,X90L 3/16GB Purple,Android,105,2399,,,6.1,16,3400,May-19
DOOGEE,X95 2/16GB Black,Android,677,2494,2040,2799,6.52,16,4350,Jun-20
DOOGEE,X95 2/16GB Green,Android,457,2517,2090,2923,6.52,16,4350,Jun-20
DOOGEE,X95 2/16GB Green,Android,447,2517,2090,2923,6.52,16,4350,Jun-20
Philips,Xenium E106 Black,,350,517,444,680,1.77,0.032,1050,Jun-17
Philips,Xenium E109 Black,,604,480,459,570,1.77,0.032,1000,Jun-19
Philips,Xenium E182 Blue,,742,1368,1269,1759,2.4,0.032,3100,Aug-19
Philips,Xenium E255 Black,,592,1395,1325,1469,2.4,0.032,1050,Aug-19
Philips,Xenium E255 Blue,,429,1393,1290,1469,2.4,,1050,Dec-19
Philips,Xenium E255 Red,,581,1397,1325,1469,2.4,,1050,Aug-20
Philips,Xenium E580 Dual Sim Black,,975,1978,1599,2389,2.8,0.128,3100,Feb-20
Sony,Xperia 1 II XQ-AT51 8/256GB Black,Android,357,29990,,,6.5,256,4000,Dec-20
Sony,Xperia 1 II XQ-AT51 8/256GB Black,Android,365,29990,,,6.5,256,4000,Dec-20
Sony,Xperia 1 II XQ-AT52 12/256GB Mirror Lake Green,Android,1001,34165,31520,36999,6.5,256,4000,Dec-20
Sony,Xperia 1 II XQ-AT52 8/256GB Purple,Android,1066,31426,29990,33999,6.5,256,4000,Aug-20
Sony,Xperia 1 J9110 Black,Android,1028,18063,17480,18999,6.5,128,3330,Jun-19
Sony,Xperia 10 I4113 Black,Android,950,5599,,,6,64,2870,Mar-19
Sony,Xperia 10 II 4/128GB Mint,Android,1143,10887,10319,11990,6,128,3600,Aug-20
Sony,Xperia 5 II 8/128GB Black,Android,284,29990,,,6.1,128,4000,Dec-20
Sony,Xperia 5 II 8/256GB Blue,Android,1025,29927,28549,31894,6.1,256,4000,Oct-20
Sony,Xperia 5 J9210 6/128GB Black,Android,1014,17475,16980,18499,6.1,128,3140,Sep-19
Sony,Xperia C5 Ultra Dual E5533 (Black),Android,197,8999,,,6,16,2930,Sep-15
Sony,Xperia XA1 Dual (G3112) Black,Android,526,3399,,,5,32,2300,May-17
Sony,Xperia XA1 Dual (G3112) Black,Android,537,3399,,,5,32,2300,May-17
Sony,Xperia XZ (Black),Android,709,5749,,,5.2,64,2900,Sep-16
Sony,Xperia XZ (Blue),Android,268,5199,,,5.2,64,2900,Sep-16
Sony,Xperia XZ (Blue),Android,256,5199,,,5.2,64,2900,Sep-16
Sony,Xperia XZ Dual F8332 (Black),Android,561,5199,,,5.2,64,2900,Oct-16
Sony,Xperia Z (Black),Android,505,2070,,,5,16,2330,Jan-13
Sony,Xperia Z5 Dual E6683 (White),Android,565,5244,5143,5415,5.2,32,2900,Sep-15
Sony,Xperia Z5 Premium E6853 (Black),Android,676,4560,,,5.5,32,3430,Sep-15
LEAGOO,Xrover C 2/16GB Black,Android,69,2684,2599,2769,5.72,16,5000,Mar-20
vivo,Y11 3/32GB Agate Red,Android,388,3497,,,6.35,32,5000,Dec-19
vivo,Y15 4/64GB Aqua Blue,Android,627,4249,3960,4915,6.35,64,5000,Jul-19
vivo,Y15 4/64GB Aqua Blue,Android,623,4249,3960,4915,6.35,64,5000,Jul-19
vivo,Y15 4/64GB Burgundy Red,Android,573,4356,4145,4499,6.35,64,5000,Jul-19
vivo,Y19 4/128GB Black,Android,739,4998,4997,4999,6.53,128,5000,Dec-19
vivo,Y1S 2/32GB Black,Android,680,3117,2849,3729,6.22,32,4030,Jul-20
vivo,Y1S 2/32GB Blue,Android,574,3080,2850,3209,6.22,32,4030,Jul-20
vivo,Y20 4/64GB Nebula Blue,Android,810,4732,4299,4999,6.51,64,5000,Oct-20
vivo,Y20 4/64GB Obsidian Black,Android,928,4752,4299,5296,6.51,64,5000,Oct-20
vivo,Y30 4/64GB Black,Android,587,4481,4399,4499,6.47,64,5000,Jul-20
vivo,Y30 4/64GB Blue,Android,896,4467,4349,4499,6.47,64,5000,Jul-20
HUAWEI,Y5 2019 2/16GB Black (51093SHA),Android,595,2742,2689,2799,5.71,16,3020,May-19
HUAWEI,Y5 2019 2/16GB Black (51093SHA),Android,602,2742,2689,2799,5.71,16,3020,May-19
HUAWEI,Y5 2019 2/16GB Brown (51093SHE),Android,787,2768,2599,3109,5.71,16,3020,May-19
HUAWEI,Y5p 2/32GB Mint Green (51095MUB),Android,961,2598,2399,2699,5.45,32,3020,May-20
HUAWEI,Y6 2019 DS Amber Brown (51093PMR),Android,575,3195,2999,3299,6.09,32,3020,Mar-19
HUAWEI,Y6 2019 DS Amber Brown (51093PMR),Android,577,3195,2999,3299,6.09,32,3020,Mar-19
HUAWEI,Y6 2019 DS Blue,Android,352,3121,2829,3299,6.09,32,3020,Apr-19
HUAWEI,Y6 2019 DS Blue,Android,370,3121,2829,3299,6.09,32,3020,Apr-19
HUAWEI,Y6 2019 DS Midnight Black (51093PMP),Android,791,2974,2699,3299,6.09,32,3020,Mar-19
HUAWEI,Y6 Prime 2018 3/32GB Gold (51092MFF),Android,185,3869,,,5.7,32,3000,May-18
HUAWEI,Y6 Prime 2018 3/32GB Gold (51092MFF),Android,218,3869,,,5.7,32,3000,May-18
HUAWEI,Y6 Pro (Gold),Android,408,2687,2666,2708,5,16,4000,Mar-16
HUAWEI,Y6p 3/64GB Midnight Black (51095KYP),Android,1086,3812,3330,4199,6.3,64,5000,May-20
HUAWEI,Y6s 3/32GB Orhid Blue (51094WBU),Android,260,3516,3299,3888,6.09,32,3020,Jan-20
HUAWEI,Y6s 3/32GB Orhid Blue (51094WBU),Android,272,3516,3299,3888,6.09,32,3020,Jan-20
HUAWEI,Y6s 3/32GB Starry Black (51094WBW),Android,789,3496,3199,3888,6.09,32,3020,Jan-20
HUAWEI,Y7 2019 3/32GB Coral Red (51093HEW),Android,550,3702,3499,4009,6.26,32,4000,Feb-19
HUAWEI,Y7 2019 3/32GB Coral Red (51093HEW),Android,555,3702,3499,4009,6.26,32,4000,Feb-19
HUAWEI,Y7 Prime 2018 3/32GB Black (51092JHA),Android,229,4190,,,5.99,32,3000,May-18
DOOGEE,Y9 Plus 4/64GB Black,Android,15,3199,,,6.3,64,4350,Dec-19
DOOGEE,Y9 Plus 4/64GB Blue,Android,55,3199,,,6.3,64,4350,Dec-19
ASUS,ZenFone Live ZB501KL Navy Black (ZB501KL-4A053A),Android,281,3145,,,5,32,2650,Jul-18
ASUS,Zenfone 5 ZE620KL 4/64GB Blue (ZE620KL-1A012WW),Android,893,5663,5528,5799,6.2,64,3300,Mar-18
ASUS,Zenfone 7 Pro ZS671KS 8/256GB Black,Android,980,27417,26290,31299,6.67,256,5000,Oct-20
ASUS,Zenfone 7 ZS670KS 8/128GB Black,Android,1012,21435,20650,23799,6.67,128,5000,Oct-20
Nomi,i144c Black,,486,249,219,317,1.44,,600,Sep-20
Nomi,i144c Red,,409,241,218,291,1.44,,600,Sep-20
Nomi,i144c Red,,398,241,218,291,1.44,,600,Sep-20
Nomi,i144m Black,,492,220,209,229,1.44,,600,Sep-20
Nomi,i144m Blue,,844,235,198,314,1.44,,600,Dec-19
Nomi,i187 Black,,266,398,353,496,1.77,0.032,800,Jul-19
Nomi,i187 Black,,254,398,353,496,1.77,0.032,800,Jul-19
Nomi,i187 White,,61,392,346,461,1.77,0.032,800,Jul-19
Nomi,i189 Black,,246,308,270,409,1.77,,800,Dec-19
Nomi,i189 Blue,,14,303,260,377,1.77,,800,Jan-20
Nomi,i220 Black,,927,596,542,719,2.2,0.032,1900,Oct-19
Nomi,i220 Red,,917,598,542,719,2.2,0.032,1900,Oct-19
Nomi,i240 (Black),,80,530,350,699,2.4,0.064,800,Dec-14
Nomi,i2400 Black,,356,692,616,829,2.4,,800,Jan-20
Nomi,i2400 Black,,364,692,616,829,2.4,,800,Jan-20
Nomi,i2400 Red,,826,687,595,829,2.4,,800,Aug-19
Nomi,i2401 Red,,466,387,353,469,2.4,,1000,Feb-20
Nomi,i2410 Grey,,37,529,499,549,2.4,,1000,Jan-20
Nomi,i2410 Grey,,87,529,499,549,2.4,,1000,Jan-20
Nomi,i248 Black,,10,395,349,433,2.4,,800,Feb-19
Nomi,i281 Black,,26,733,647,888,2.8,0.032,1400,Aug-17
Nomi,i281 Black,,95,733,647,888,2.8,0.032,1400,Aug-17
Nomi,i281 Red,,308,741,636,998,2.8,0.032,1400,Aug-17
Nomi,i282 Grey,,152,689,599,780,2.8,0.032,1200,Sep-17
Nomi,i283 Red,,50,999,,,2.8,0.032,1000,Oct-18
Nomi,i284 Black,,702,584,504,763,2.8,,1750,Jan-20
Nomi,i284 Red,,140,574,529,695,2.8,,1750,Jan-20
Nomi,i284 Violet-blue,,613,580,528,709,2.8,,1750,Jan-20
Nomi,i285 X-Treme Black-Yellow,,381,1071,999,1144,2.8,,2500,Aug-19
Apple,iPhone 11 128GB Black (MWLE2),iOS,1215,22320,19740,25178,6.1,128,3110,Sep-19
Apple,iPhone 11 128GB Dual Sim Black (MWN72),iOS,968,23176,20868,25645,6.1,128,3110,Sep-19
Apple,iPhone 11 128GB Slim Box Black (MHDH3),iOS,1106,22105,20469,25248,6.1,128,3110,Nov-20
Apple,iPhone 11 256GB Black (MWLL2),iOS,1090,25919,21432,28499,6.1,256,3110,Sep-19
Apple,iPhone 11 256GB Slim Box Black (MHDP3),iOS,635,26090,24299,29999,6.1,256,3110,Nov-20
Apple,iPhone 11 64GB Black (MWLT2),iOS,1221,20889,18200,26499,6.1,64,3110,Sep-19
Apple,iPhone 11 64GB Dual Sim White (MWN12),iOS,804,20986,19458,25290,6.1,64,3110,Sep-19
Apple,iPhone 11 64GB Slim Box Black (MHDA3),iOS,854,21228,19380,24999,6.1,64,3110,Nov-20
Apple,iPhone 11 Pro 256GB Dual Sim Midnight Green (MWDH2),iOS,708,33505,31199,38003,5.8,256,3190,Oct-19
Apple,iPhone 11 Pro 256GB Midnight Green (MWCQ2),iOS,1189,31724,26700,38999,5.8,256,3190,Sep-19
Apple,iPhone 11 Pro 512GB Dual Sim Silver (MWDK2),iOS,564,36188,31899,50670,5.8,512,3190,Oct-19
Apple,iPhone 11 Pro 512GB Midnight Green (MWCV2),iOS,943,34617,29610,45999,5.8,512,3190,Sep-19
Apple,iPhone 11 Pro 64GB Dual Sim Silver (MWDA2),iOS,542,29614,24534,32162,5.8,64,3190,Oct-19
Apple,iPhone 11 Pro 64GB Space Gray (MWC22/MWCH2),iOS,1207,28735,22842,32999,5.8,64,3190,Sep-19
Apple,iPhone 11 Pro Max 256GB Dual Sim Gold (MWF32),iOS,756,38918,32699,48020,6.5,256,3969,Oct-19
Apple,iPhone 11 Pro Max 256GB Midnight Green (MWH72),iOS,1119,35280,30174,42499,6.5,256,3969,Sep-19
Apple,iPhone 11 Pro Max 512GB Dual Sim Silver (MWF62),iOS,379,42968,37639,46399,6.5,512,3969,Oct-19
Apple,iPhone 11 Pro Max 512GB Space Gray (MWH82),iOS,1069,38447,28050,49499,6.5,512,3969,Sep-19
Apple,iPhone 11 Pro Max 64GB Dual Sim Space Gray (MWEV2),iOS,628,32583,29328,35717,6.5,64,3969,Oct-19
Apple,iPhone 11 Pro Max 64GB Dual Sim Space Gray (MWEV2),iOS,624,32583,29328,35717,6.5,64,3969,Oct-19
Apple,iPhone 11 Pro Max 64GB Space Gray (MWGY2; MWHD2),iOS,1176,32053,26999,40999,6.5,64,3969,Sep-19
Apple,iPhone 12 128GB Black (MGJA3/MGHC3),iOS,1213,28735,25380,35499,6.1,128,2815,Oct-20
Apple,iPhone 12 128GB Dual Sim Black (MGGU3),iOS,846,29168,27847,36530,6.1,128,2815,Oct-20
Apple,iPhone 12 256GB Black (MGJG3/MGHH3),iOS,1091,31795,29328,38999,6.1,256,2815,Oct-20
Apple,iPhone 12 256GB Dual Sim Black (MGH13),iOS,735,33660,30992,39340,6.1,256,2815,Oct-20
Apple,iPhone 12 64GB Blue (MGJ83/MGH93),iOS,1205,26840,24665,33499,6.1,64,2815,Oct-20
Apple,iPhone 12 64GB Dual Sim (PRODUCT)RED (MGGP3),iOS,987,25792,24299,33720,6.1,64,2815,Oct-20
Apple,iPhone 12 Pro 128GB Dual Sim Pacific Blue (MGLD3),iOS,1043,35507,33550,42999,6.1,128,2815,Oct-20
Apple,iPhone 12 Pro 128GB Pacific Blue (MGMN3/MGLR3),iOS,1224,33992,31849,42999,6.1,128,2815,Oct-20
Apple,iPhone 12 Pro 256GB Dual Sim Pacific Blue (MGLH3),iOS,996,38912,36299,48999,6.1,256,2815,Oct-20
Apple,iPhone 12 Pro 256GB Pacific Blue (MGMT3/MGLW3),iOS,1198,37068,34745,53731,6.1,256,2815,Oct-20
Apple,iPhone 12 Pro 512GB Dual Sim Pacific Blue (MGLM3),iOS,724,46503,44199,50760,6.1,512,2815,Oct-20
Apple,iPhone 12 Pro 512GB Pacific Blue (MGMX3/MGM43),iOS,873,44716,41996,51999,6.1,512,2815,Oct-20
Apple,iPhone 12 Pro Max 128GB Dual Sim Graphite (MGC03),iOS,1046,37574,35941,46999,6.7,128,3687,Nov-20
Apple,iPhone 12 Pro Max 128GB Graphite (MGD73),iOS,1216,37455,33692,46999,6.7,128,3687,Oct-20
Apple,iPhone 12 Pro Max 256GB Dual Sim Pacific Blue (MGC73),iOS,997,41729,39620,50999,6.7,256,3687,Nov-20
Apple,iPhone 12 Pro Max 256GB Pacific Blue (MGDF3),iOS,1203,40910,37216,50499,6.7,256,3687,Oct-20
Apple,iPhone 12 Pro Max 512GB Dual Sim Pacific Blue (MGCE3),iOS,872,49242,45120,64999,6.7,512,3687,Nov-20
Apple,iPhone 12 Pro Max 512GB Pacific Blue (MGDL3),iOS,1103,46325,43396,57999,6.7,512,3687,Oct-20
Apple,iPhone 12 mini 128GB Black (MGE33),iOS,1183,25687,23293,31499,5.4,128,2227,Oct-20
Apple,iPhone 12 mini 256GB Black (MGE93),iOS,995,31369,28599,35499,5.4,256,2227,Oct-20
Apple,iPhone 12 mini 64GB Black (MGDX3),iOS,1195,23939,21150,31672,5.4,64,2227,Oct-20
Apple,iPhone 5C 32GB (White),iOS,8,3000,,,4,32,1510,Sep-13
Apple,iPhone 5C 8GB (White),iOS,633,2445,,,4,8,1510,Apr-14
Apple,iPhone 5S 16GB Space Gray (ME432),iOS,780,4691,3499,5827,4,16,1570,Sep-13
Apple,iPhone 5S 32GB (Space Gray),iOS,524,3704,3699,3713,4,32,1570,Sep-13
Apple,iPhone 6 128GB (Gold),iOS,32,5250,,,4.7,128,1810,Sep-14
Apple,iPhone 6 16GB Space Gray (MG472),iOS,589,4266,4230,4290,4.7,16,1810,Sep-14
Apple,iPhone 6 32GB Space Grey (MQ3D2),iOS,644,6988,4550,8137,4.7,32,1810,Mar-17
Apple,iPhone 6 64GB Space Gray (MG4F2),iOS,716,4623,4500,4794,4.7,64,1810,Sep-14
Apple,iPhone 6 Plus 128GB (Space Gray),iOS,940,6400,,,5.5,128,2915,Sep-14
Apple,iPhone 6 Plus 16GB (Silver),iOS,313,5242,5239,5248,5.5,16,2915,Sep-14
Apple,iPhone 6 Plus 64GB Space Gray (MGAH2),iOS,341,5889,5889,5890,5.5,64,2915,Sep-14
Apple,iPhone 6s 128GB Space Gray (MKQT2),iOS,402,6876,6319,7990,4.7,128,1715,Sep-15
Apple,iPhone 6s 128GB Space Gray (MKQT2),iOS,412,6876,6319,7990,4.7,128,1715,Sep-15
Apple,iPhone 6s 16GB Space Gray (MKQJ2),iOS,640,5181,4899,5990,4.7,16,1715,Sep-15
Apple,iPhone 6s 32GB Space Gray (MN0W2),iOS,922,5917,4394,9824,4.7,32,1715,Sep-16
Apple,iPhone 6s 64GB Space Gray (MKQN2),iOS,687,9057,5699,10992,4.7,64,1715,Sep-15
Apple,iPhone 6s Plus 16GB Space Gray (MKU12),iOS,489,6500,,,5.5,16,2915,Sep-15
Apple,iPhone 6s Plus 32GB Space Gray (MN2V2),iOS,683,9422,6900,10406,5.5,32,2915,Sep-16
Apple,iPhone 6s Plus 64GB Space Gray (MKU62),iOS,754,7074,6800,7499,5.5,64,2915,Sep-15
Apple,iPhone 7 128GB Jet Black (MN962),iOS,1121,11829,6193,16327,4.7,128,1960,Sep-16
Apple,iPhone 7 256GB Black (MN972),iOS,351,12446,8000,18016,4.7,256,1960,Sep-16
Apple,iPhone 7 256GB Black (MN972),iOS,369,12446,8000,18016,4.7,256,1960,Sep-16
Apple,iPhone 7 32GB Black (MN8X2),iOS,1169,9571,5987,12949,4.7,32,1960,Sep-16
Apple,iPhone 7 Plus 128GB Black (MN4M2),iOS,1110,14468,8699,19705,5.5,128,2900,Sep-16
Apple,iPhone 7 Plus 256GB Rose Gold (MN502),iOS,885,16392,7447,22520,5.5,256,2900,Sep-16
Apple,iPhone 7 Plus 32GB Black (MNQM2),iOS,1032,12412,8100,17735,5.5,32,2900,Sep-16
Apple,iPhone 7 Plus 32GB Black (MNQM2),iOS,1033,12412,8100,17735,5.5,32,2900,Sep-16
Apple,iPhone 8 128GB Gold (MX182),iOS,678,13575,12099,17453,4.7,128,,Oct-19
Apple,iPhone 8 256GB Space Gray (MQ7F2),iOS,834,14817,8505,19987,4.7,256,,Sep-17
Apple,iPhone 8 64GB Space Gray (MQ6G2),iOS,1162,11745,7343,15060,4.7,64,,Sep-17
Apple,iPhone 8 Plus 128GB Gold (MX262),iOS,741,18509,14000,22690,5.5,128,,Oct-19
Apple,iPhone 8 Plus 256GB Space Gray (MQ8G2),iOS,911,19043,12729,23928,5.5,256,,Sep-17
Apple,iPhone 8 Plus 64GB Space Gray (MQ8L2),iOS,1108,15605,10064,20550,5.5,64,,Sep-17
Apple,iPhone SE 128GB Space Grey (MP862),iOS,774,10260,6100,12645,4,128,1624,Mar-17
Apple,iPhone SE 16GB Space Gray (MLLN2),iOS,853,6240,4200,7524,4,16,1624,Mar-16
Apple,iPhone SE 2020 128GB Black (MXD02/MXCW2),iOS,1112,15533,13899,17569,4.7,128,1828,Apr-20
Apple,iPhone SE 2020 128GB Slim Box Black (MHGT3),iOS,755,15937,14200,18999,4.7,128,1828,Nov-20
Apple,iPhone SE 2020 256GB Black (MXVT2/MXVP2),iOS,977,17076,15087,20499,4.7,256,1828,Apr-20
Apple,iPhone SE 2020 256GB Slim Box White (MHGX3),iOS,450,16104,15220,18003,4.7,256,1828,Nov-20
Apple,iPhone SE 2020 64GB Black (MX9R2/MX9N2),iOS,1208,13806,10299,16037,4.7,64,1828,Apr-20
Apple,iPhone SE 2020 64GB Slim Box Black (MHGP3),iOS,858,14142,12224,16999,4.7,64,1828,Nov-20
Apple,iPhone SE 32GB Space Grey (MP822),iOS,887,7991,4949,9941,4,32,1624,Mar-17
Apple,iPhone SE 64GB Space Gray (MLM62),iOS,770,7328,5190,10959,4,64,1624,Mar-16
Apple,iPhone SE 64GB Space Gray (MLM62),iOS,768,7328,5190,10959,4,64,1624,Mar-16
Apple,iPhone X 256GB Silver (MQAG2),iOS,1186,18713,9835,23113,5.8,256,2716,Sep-17
Apple,iPhone X 64GB Space Gray (MQAC2),iOS,1212,14185,11000,21113,5.8,64,2716,Sep-17
Apple,iPhone XR 128GB Black (MRY92),iOS,1166,19050,13580,22520,6.1,128,2942,Sep-18
Apple,iPhone XR 128GB Slim Box Black (MH7L3),iOS,729,19810,17680,22999,6.1,128,2942,Nov-20
Apple,iPhone XR 256GB Black (MRYJ2),iOS,852,21688,15281,28489,6.1,256,2942,Sep-18
Apple,iPhone XR 64GB Black (MRY42),iOS,1218,16938,12049,19870,6.1,64,2942,Sep-18
Apple,iPhone XR 64GB Slim Box Black (MH6M3),iOS,843,17977,16046,20999,6.1,64,2942,Nov-20
Apple,iPhone XR Dual Sim 128GB Black (MT192),iOS,765,22520,18399,24855,6.1,128,2942,Nov-18
Apple,iPhone XR Dual Sim 64GB Black (MT122),iOS,695,20143,16862,22849,6.1,64,2942,Nov-18
Apple,iPhone XS 256GB Gold (MT9K2),iOS,1126,21463,15281,25617,5.8,256,2568,Sep-18
Apple,iPhone XS 512GB Silver (MT9M2),iOS,803,22842,17832,27500,5.8,512,2568,Sep-18
Apple,iPhone XS 64GB Space Gray (MT9E2),iOS,1187,19790,12505,23928,5.8,64,2568,Sep-18
Apple,iPhone XS Max 256GB Gold (MT552),iOS,1128,24184,18399,30600,6.5,256,3174,Sep-18
Apple,iPhone XS Max 512GB Space Gray (MT622),iOS,842,27190,21150,30200,6.5,512,3174,Sep-18
Apple,iPhone XS Max 64GB Gold (MT522),iOS,1101,22685,16018,27900,6.5,64,3174,Sep-18
Apple,iPhone XS Max Dual Sim 64GB Gold (MT732),iOS,530,24600,21939,33720,6.5,64,3174,Sep-18
HUAWEI,nova 5T 6/128GB Black (51094MEU),Android,1174,8804,7999,9999,6.26,128,3750,Nov-19
ZTE,nubia Red Magic 5G 8/128GB Black,Android,752,18755,18500,19010,6.65,128,4500,Oct-20
Sigma mobile,x-style 35 Screen,,952,907,785,944,3.5,,1750,Jan-20
